SWSHED_ID,GW_NODE,STR_NODE,AREA_ACRES,x_centroid,y_centroid
1,89,2691,401.749808,-122.421312,40.57203313
2,122,2691,550.4547475,-122.4301888,40.5605146
3,160,2692,4962.725104,-122.4672791,40.55055088
4,199,2699,3643.600766,-122.4747299,40.52741641
5,236,2672,485.0366626,-122.4482895,40.5135608
6,274,2670,315.3903471,-122.4571448,40.50643816
7,316,2669,274.0144024,-122.4637269,40.50288505
8,359,2668,241.4306548,-122.4694844,40.49939077
9,402,2667,474.3122859,-122.4780087,40.5042322
10,450,2666,442.3954267,-122.4878389,40.50241584
11,498,2665,151.8637184,-122.4943399,40.49594453
12,679,2787,1903.902929,-122.5602833,40.50516215
13,680,2766,4684.561943,-122.5900718,40.41607456
14,681,2766,49.3830992,-122.5417449,40.39969378
15,749,2766,20879.5292,-122.6755854,40.41711126
16,816,2770,145.6263938,-122.5536169,40.38531298
17,1053,2788,46858.28609,-122.7821694,40.27874096
18,1054,2828,392.7900977,-122.6067219,40.28000936
19,1117,2828,27028.47781,-122.703923,40.23102307
20,1182,2828,1109.111425,-122.6252788,40.22243696
21,1244,2803,150.1542451,-122.6095278,40.21002488
22,1307,2803,32893.97386,-122.7815665,40.18358803
23,1369,2803,4634.150588,-122.6134178,40.18135888
24,1647,2966,459.3426917,-122.5588146,40.15399849
25,1693,2969,4416.019432,-122.5946273,40.13087855
26,1739,2969,329.2987349,-122.5546906,40.11981568
27,1740,2969,26747.18564,-122.6270001,40.07970397
28,1741,2969,1798.418956,-122.5391223,40.07050066
29,1742,2969,1644.856964,-122.5331839,40.05275437
30,1928,3014,76.52238353,-122.4977209,40.02478767
31,1983,3014,273.7362253,-122.505627,40.01929485
32,2047,3014,2333.578205,-122.530429,39.99552004
33,2115,3105,404.4040556,-122.5220541,39.98011449
34,2184,3105,4496.533303,-122.5448603,39.96086434
35,2247,3096,185.9238615,-122.5191107,39.93820515
36,2316,3096,10929.31731,-122.5739292,39.9248517
37,2631,3179,387.2847427,-122.5377613,39.86116789
38,2632,3179,160.346271,-122.5279748,39.85504239
39,2696,3179,154.1297547,-122.5169222,39.83758308
40,2759,3179,172.3767849,-122.4879971,39.82000185
41,2760,3260,2768.118652,-122.5086568,39.82251478
42,3106,3263,3630.577749,-122.4866168,39.74320119
43,3429,3741,139.7281839,-122.4419022,39.67083153
44,3430,3741,212.8535594,-122.421515,39.65655199
45,3500,3741,2768.113298,-122.4361306,39.65799697
46,3501,3741,860.4059129,-122.3772278,39.62858891
47,3502,3741,2094.578385,-122.3839575,39.61642674
48,3708,3741,7151.956782,-122.3984703,39.60662533
49,3782,3741,28515.40547,-122.4144894,39.56733453
50,3862,3741,1715.876822,-122.3134967,39.49944657
51,3941,3741,263.0635863,-122.2994812,39.47721299
52,4018,3741,16222.79745,-122.3696155,39.47478321
53,4098,3741,139.3143473,-122.2974685,39.4365602
54,4181,3741,12416.84132,-122.351939,39.42735278
55,4254,3741,2812.200004,-122.3066868,39.39499876
56,4329,3741,743.4713032,-122.2915338,39.37799268
57,4396,3741,2011.222899,-122.299763,39.36220926
58,4458,3741,162.120537,-122.2854156,39.34511309
59,4520,3753,56812.28997,-122.4156073,39.40733157
60,4581,3753,724.6364948,-122.2877038,39.30931001
61,4648,3753,455.7821175,-122.2887254,39.29737431
62,4720,3753,25995.19419,-122.364295,39.2736156
63,4802,3760,616.9415039,-122.2960233,39.2692254
64,4890,3760,5474.568978,-122.3187676,39.25409536
65,4971,3760,664.3659578,-122.3052061,39.22836832
66,5053,3760,4465.557665,-122.3241226,39.20477734
67,5139,3760,676.7092701,-122.3036323,39.1850627
68,5220,3760,3168.490487,-122.316745,39.16571517
69,5302,3763,4755.686288,-122.3222814,39.13875629
70,5385,3763,316.3962779,-122.3033398,39.11890174
71,5386,3763,30893.83871,-122.3635501,39.11549013
72,5474,3763,3356.053348,-122.2917259,39.07362553
73,5566,3763,581.179176,-122.264054,39.07309361
74,5654,3763,249.4824612,-122.2772556,39.06503175
75,5655,3763,2374.516048,-122.3066327,39.04415486
76,5751,3779,2924.873312,-122.3020456,39.015777
77,5835,3779,475.3108566,-122.2883971,38.99898266
78,5921,3779,3212.564259,-122.2987362,38.97723475
79,6012,3779,3589.336067,-122.2954875,38.94468627
80,6111,3779,756.8589562,-122.2760541,38.93130457
81,6516,4348,1698.795242,-122.2719453,38.88043354
82,6616,4349,516.6671805,-122.2548709,38.8801585
83,6712,4351,691.4117017,-122.2535482,38.87002071
84,6818,4355,237.173296,-122.242766,38.86386007
85,6928,4357,1611.193514,-122.2612232,38.85659104
86,7044,4360,2757.703245,-122.2564647,38.84115996
87,7154,4360,3294.401644,-122.2497745,38.82118725
88,7261,4364,2087.082397,-122.2353718,38.80580391
89,7384,4364,1000.58048,-122.2184871,38.79681398
90,7505,4366,1006.020691,-122.2153222,38.78372854
91,7627,4369,4486.020128,-122.22744,38.76768938
92,7252,4373,2308.220114,-122.2053568,38.7468214
93,7879,4373,653.1906409,-122.181009,38.73953079
94,7997,4373,3611.480231,-122.1977323,38.72135226
95,8119,4381,6574.15228,-122.1769825,38.69099508
96,8011,4381,2869.583918,-122.1478235,38.66822409
97,8012,4381,2639.297456,-122.1267257,38.66989009
98,8013,4387,1270.147259,-122.1051463,38.67135937
99,8014,4456,2309.637091,-122.0962148,38.6547557
100,8129,4456,5397.132645,-122.1192555,38.63046018
101,8241,4456,1447.192632,-122.0754702,38.62175883
102,8348,4456,5129.785946,-122.0946501,38.59962075
103,8454,4475,834.0863047,-122.0679874,38.57888382
104,8558,4475,4910.140833,-122.0881831,38.56430446
105,8658,4475,33.13394051,-122.0515227,38.53615119
106,6322,3783,1173.698215,-122.1897755,38.92734578
107,6522,3781,658.8173679,-122.195305,38.90302412
108,6420,3781,58.77843683,-122.2157105,38.9101759
109,6521,4352,77.78155346,-122.2082024,38.90176338
110,6621,4353,178.6791458,-122.1990456,38.89269581
111,6717,4356,111.2927066,-122.1924388,38.88322128
112,6824,4356,122.316195,-122.1907114,38.87312377
113,6933,4356,150.1311663,-122.190048,38.86578875
114,7050,4357,402.7112747,-122.1847651,38.85603492
115,7266,4360,110.1783634,-122.1830085,38.84578868
116,7389,4361,543.7646163,-122.168997,38.84279845
117,7514,4363,778.4238577,-122.1568802,38.8327355
118,7636,4363,353.1092389,-122.1487928,38.82051065
119,7760,4365,178.5534311,-122.1457533,38.81238695
120,7759,4365,273.9547801,-122.1415615,38.80377444
121,7758,4366,135.1769012,-122.1493654,38.79655306
122,7630,4366,113.2339924,-122.1567114,38.7915724
123,7757,4367,684.6762688,-122.1447081,38.78973808
124,7756,4368,749.2183911,-122.1363014,38.78243521
125,8003,4370,362.1925823,-122.1328798,38.77261297
126,8125,4371,283.1281021,-122.1283418,38.76592552
127,8124,4372,282.221334,-122.1270388,38.75975467
128,8123,4373,238.3979861,-122.1296452,38.75223127
129,8127,4374,750.0384294,-122.1195027,38.74784342
130,8126,4377,407.4245343,-122.1062934,38.74936327
131,7885,4378,333.0895704,-122.1010012,38.73636873
132,7761,4380,157.6361015,-122.0962714,38.72689013
133,7637,4382,158.2428934,-122.0897915,38.72611956
134,7515,4382,175.4883107,-122.0873618,38.73099092
135,7390,4385,366.3561399,-122.0917774,38.7412583
136,7267,4405,261.5023391,-122.0915773,38.74984575
137,7159,4405,791.5187807,-122.1022618,38.76247681
138,7051,4405,1398.549559,-122.1093377,38.77957143
139,6934,3816,1976.754021,-122.1227845,38.80579766
140,6825,3809,981.4865245,-122.1340066,38.83000907
141,6718,3809,1030.344258,-122.1463833,38.84720485
142,6622,3809,1100.350896,-122.1540759,38.86218389
143,6523,3809,2913.232198,-122.1686376,38.87729644
144,6423,3797,1609.193748,-122.1767311,38.90328742
145,8866,4466,477.8112599,-122.054696,38.50440133
146,8982,4468,1080.951858,-122.0553987,38.49494692
147,9099,4470,256.3861783,-122.0370594,38.48639907
148,9207,4472,10322.72836,-122.0733038,38.45033324
149,9297,4472,1117.813876,-122.0302888,38.45557936
150,9388,4457,1326.087175,-122.025664,38.43738259
151,9486,4457,1937.124092,-122.014942,38.4155259
152,9588,4457,297.2176297,-122.0031569,38.39815497
153,9692,4457,7380.223617,-122.0514005,38.4022797
154,9789,4457,12521.26857,-122.0391932,38.3526
155,9889,4625,456.7800162,-121.9889955,38.32429901
156,9890,4625,563.6392464,-121.9770306,38.31418649
157,9997,4625,156.6413423,-121.9742347,38.30582446
158,10107,4625,327.1924343,-121.9849313,38.30295163
159,10212,4625,876.9805916,-122.0058414,38.29772565
160,10328,4625,3542.546286,-122.0421296,38.30555793
161,10440,4625,987.6021026,-122.0639026,38.28563932
162,10555,4625,273.5953312,-122.0809362,38.28007667
163,10671,4625,1268.438471,-122.0730148,38.30204509
164,10790,4625,1294.614193,-122.074639,38.33116485
165,10791,4625,2151.586755,-122.0954489,38.33731996
166,10792,4625,26138.63422,-122.1503602,38.36751284
167,10672,4625,1684.173944,-122.142381,38.29795141
168,10673,4625,335.3701328,-122.123501,38.28498398
169,10674,4625,1272.94075,-122.1352751,38.27204288
170,10675,4625,300.1948945,-122.1318565,38.24926061
171,10793,4625,811.0753582,-122.1430444,38.24309998
172,10916,4625,6988.657627,-122.1749687,38.28629398
173,10917,4625,3414.523876,-122.188926,38.24898795
174,10918,4625,3210.159135,-122.1815206,38.20869174
175,10919,4625,3672.723834,-122.1796313,38.1834035
176,10920,4625,1782.138163,-122.1510391,38.16364587
177,11040,4625,811.215149,-122.1344153,38.13946906
178,11041,4625,403.6461627,-122.1221314,38.11886098
179,11042,4625,737.3503892,-122.1188372,38.10191269
180,11165,4529,259.3201493,-122.1232621,38.09029371
181,11299,4529,9875.214319,-122.1612745,38.1216573
182,12034,4634,77.47150571,-122.1514585,38.01863587
183,12035,4633,315.57419,-122.1487941,38.01299471
184,12036,4632,5598.81285,-122.1508637,37.98003115
185,12037,4632,3284.474253,-122.1238653,37.97359868
186,11895,4632,115.1425938,-122.1242334,38.01903144
187,11747,4632,1057.676343,-122.1115668,38.01180233
188,11748,4631,429.5278279,-122.1063827,38.02411477
189,11749,4629,46.06313696,-122.1047853,38.02867558
190,11750,4628,454.8060746,-122.0920725,38.01837326
191,11751,4627,230.1367621,-122.080694,38.01147946
192,11896,4627,311.7289962,-122.0747806,38.00471394
193,12038,4627,2118.050882,-122.0930101,37.99330925
194,12039,4627,1025.041637,-122.0820349,37.97435626
195,12175,4627,2967.625084,-122.1026637,37.95336409
196,12316,4627,1438.174619,-122.0987519,37.93028564
197,12459,4627,1023.301763,-122.08012,37.91015315
198,12616,4627,51241.94709,-122.0296465,37.84551504
199,12617,4627,444.1019891,-122.0189883,37.90191725
200,12618,4627,7408.599495,-121.9714198,37.88905269
201,12462,4627,482.0404935,-122.0030988,37.93473205
202,12319,4627,385.1816864,-122.0110834,37.94771743
203,12178,4627,381.2301569,-122.0175092,37.95852886
204,12179,4627,733.3013672,-121.9984795,37.9527776
205,12320,4627,2464.482681,-121.9733252,37.93027677
206,12619,4621,2826.384003,-121.9404683,37.8992661
207,12464,4621,38886.79926,-121.8380904,37.88171113
208,12321,4621,2048.80694,-121.9326408,37.96231934
209,12180,4621,943.5806024,-121.9558381,37.98139901
210,12181,4621,556.8439575,-121.9728479,37.99514497
211,12045,4621,480.7317897,-121.988831,38.01070029
212,11901,4621,290.4230047,-122.0107391,38.02201949
213,11755,4621,227.0811777,-122.0215905,38.03176823
214,11756,4618,82.82962639,-122.0149466,38.03888422
215,11757,4616,580.2182153,-122.007594,38.03301335
216,11758,4615,761.5481463,-121.9932101,38.0272774
217,11902,4613,1197.259411,-121.9747258,38.01903949
218,11903,4608,1326.56054,-121.9568536,38.00945275
219,12046,4607,1180.14501,-121.9420422,38.00517345
220,12047,4606,1648.660282,-121.926038,37.99981772
221,12182,4604,1289.479193,-121.9156319,37.98904321
222,12183,4602,3765.039396,-121.8980349,37.96895612
223,12322,4602,1253.062434,-121.8759379,37.97890795
224,12323,2658,256.9841876,-121.8554492,37.99220622
225,12465,2656,2557.446056,-121.8555716,37.97183945
226,12621,2656,3110.420262,-121.8240771,37.96673303
227,12768,2653,960.1926775,-121.7849047,37.97097491
228,12906,2652,957.4180583,-121.7653382,37.97007292
229,12907,2646,684.590658,-121.7509169,37.96731863
230,13034,2645,6466.832831,-121.8157321,37.94480291
231,13154,2645,4018.150425,-121.7730788,37.930806
232,13260,2645,5100.21302,-121.7678199,37.91214786
233,13355,2645,18333.41846,-121.734407,37.82388288
234,13442,2645,1152.093149,-121.6798503,37.87165289
235,13526,2347,3587.261692,-121.6748124,37.84306142
236,13513,2347,468.4153449,-121.638354,37.84466159
237,13705,2347,9732.554257,-121.6730567,37.80257976
238,13782,2347,2815.612621,-121.6380792,37.79638537
239,13857,2347,1721.250482,-121.63831,37.77405136
240,13924,2347,3531.212238,-121.6251315,37.75776386
241,13925,2347,9118.681524,-121.6186476,37.72156444
242,14007,2228,1948.759185,-121.5720119,37.7324194
243,14008,2225,6791.771475,-121.5756222,37.69835823
244,14093,2205,4141.406693,-121.5343543,37.6925108
245,14169,2205,2226.331727,-121.5053355,37.67962833
246,14244,2205,732.7149907,-121.4900009,37.67225616
247,14317,2201,39882.72067,-121.5373074,37.60626568
248,14394,2201,973.1715099,-121.4570423,37.6325763
249,14472,2201,775.235098,-121.4395694,37.615636
250,14551,2201,3182.623559,-121.4402223,37.59860726
251,14635,2201,11231.47845,-121.4632501,37.56739853
252,14716,2062,20944.40634,-121.4110148,37.52064257
253,14793,2062,1445.96932,-121.3437929,37.5573811
254,14867,2049,1285.229292,-121.3182764,37.54365187
255,14868,2049,12108.55317,-121.3314541,37.51214638
256,14956,1913,3724.375058,-121.2782557,37.5023273
257,15067,1911,288.3717955,-121.2441613,37.49984855
258,15191,1910,388.3381946,-121.2207315,37.495095
259,15314,1903,47169.0632,-121.3544109,37.44202988
260,15423,1893,1841.499478,-121.1997008,37.45740204
261,15527,1893,606.371465,-121.1788086,37.4501937
262,15634,1885,821.3643345,-121.1961557,37.43989668
263,15739,1885,17307.38664,-121.2582825,37.4073008
264,15740,1881,996.3459117,-121.195176,37.39049834
265,15834,1850,13082.94286,-121.243775,37.36064159
266,15920,1850,736.0246174,-121.1723279,37.34892884
267,16010,1843,1314.03999,-121.161487,37.33279716
268,16387,1842,592.362594,-121.1212487,37.29998708
269,16494,1715,1307.543938,-121.123576,37.28663677
270,16578,1715,1024.94733,-121.1178494,37.27211485
271,16649,1715,2252.945474,-121.1444625,37.25861399
272,16650,1706,34440.83365,-121.2407368,37.22113741
273,16651,1706,1732.335532,-121.1095381,37.21722915
274,16725,1706,2038.523282,-121.1037384,37.20138563
275,16802,1706,789.8782344,-121.0828232,37.19043342
276,16881,1706,519.5082091,-121.0731637,37.17216323
277,16959,1706,19252.96431,-121.1672358,37.17405167
278,17045,1706,14603.28994,-121.1520489,37.13780401
279,17145,1706,2298.430072,-121.0813503,37.10286906
280,17261,1706,1173.8485,-121.0687113,37.08574058
281,17377,1706,1341.367989,-121.0813426,37.07539645
282,17378,1706,2099.612148,-121.0544421,37.03771187
283,17485,1706,2434.062696,-121.0213826,37.03331454
284,17486,1706,649.9859967,-120.9942148,37.04800077
285,17382,1706,2862.514413,-120.9792789,37.03736748
286,17487,1706,1811.969389,-120.9601352,37.02796473
287,17580,1706,1550.083057,-120.9470119,37.0187132
288,17668,1706,535.8940985,-120.9430775,37.00921267
289,17751,1706,593.3007762,-120.955557,36.9976808
290,17831,1706,100335.4594,-121.0756061,36.90149712
291,17752,1706,3240.1239,-120.9587117,36.95994959
292,17832,1706,6062.011438,-120.9515558,36.93198753
293,17913,1706,33188.76901,-120.9522571,36.85923019
294,17996,1706,999.5388227,-120.8873829,36.92185611
295,17997,1706,2664.294924,-120.8641449,36.91601435
296,17988,1566,836.24551,-120.8380002,36.92308898
297,18065,1566,9843.365777,-120.8520178,36.87848616
298,18133,1566,217.8273495,-120.7985396,36.89031038
299,18205,1566,3931.423956,-120.8165864,36.86434532
300,18350,1014,740.5816198,-120.8231319,36.84020011
301,18427,1013,5729.756103,-120.8408978,36.82769517
302,18507,1012,240.2049339,-120.7806257,36.8146247
303,18594,1012,342.9025655,-120.7937191,36.811055
304,18691,1012,584.4783048,-120.8106617,36.80898837
305,18798,1003,66.58376428,-120.8306331,36.81031034
306,18799,1003,3226.33881,-120.8766878,36.81309623
307,18911,1002,971.1294514,-120.8656441,36.79912086
308,19039,1002,1162.991451,-120.8864278,36.79678135
309,19168,1002,1812.016515,-120.9126326,36.79144079
310,19169,1002,962.3534677,-120.9133393,36.77254146
311,19170,994,6459.747951,-120.9445518,36.77309145
312,19283,993,7560.653492,-120.9517834,36.74139657
313,19387,993,685.6044423,-120.9113736,36.71731512
314,19610,990,5014.474332,-120.8114474,36.67909805
315,19500,990,644.0976992,-120.8257829,36.7028462
316,19395,990,379.6867182,-120.8393256,36.70880327
317,19290,997,952.9772018,-120.831706,36.71862928
318,19048,1004,959.0004869,-120.8246258,36.74443022
319,18917,1008,4782.082365,-120.8015396,36.73230125
320,18918,1008,110.743116,-120.7892757,36.76366551
321,18919,1009,541.9176114,-120.7756467,36.75869282
322,19049,1011,1817.908949,-120.7685823,36.73888838
323,19178,1020,1022.898471,-120.7506368,36.73377763
324,19179,1020,7401.291743,-120.7633911,36.69833005
325,19291,1020,1749.377349,-120.7271154,36.70366946
326,19396,1020,1891.129078,-120.7359188,36.67926717
327,19501,970,3510.48416,-120.7306402,36.66331591
328,19611,964,917.7669172,-120.7058455,36.65193572
329,19714,964,537.3972618,-120.6912659,36.64163128
330,19808,960,209.4075284,-120.6802012,36.63265665
331,19898,958,276.2801017,-120.6864384,36.62838389
332,20090,950,308.8494598,-120.6943777,36.60192498
333,20197,949,177.2530232,-120.6908756,36.59629657
334,20325,948,2972.470192,-120.7185501,36.58710385
335,20443,947,152.6836853,-120.6946003,36.58152378
336,20445,947,146.2937082,-120.6866913,36.57210142
337,20327,948,4997.476204,-120.6648613,36.55087206
338,20201,963,27.69052412,-120.6596706,36.57777226
339,20202,973,1030.331317,-120.6417794,36.57100681
340,20328,1098,18969.24125,-120.6152321,36.50247724
341,20446,1098,1415.382046,-120.5910081,36.54666833
342,20547,1098,2175.374981,-120.5671546,36.53076886
343,20638,1098,737.447904,-120.5406993,36.52418247
344,20728,1098,3512.414016,-120.5447796,36.50464146
345,20818,1098,4761.882078,-120.5343746,36.48200507
346,20909,1098,749.5363623,-120.4959427,36.48307637
347,21008,1093,14388.678,-120.5418716,36.44494112
348,21106,934,132.3185116,-120.4616842,36.43852982
349,21215,934,256.6369212,-120.4586055,36.42960357
350,21583,931,271.3026724,-120.4298973,36.38520512
351,21698,944,14124.78369,-120.4751489,36.35624903
352,21798,1070,638.1376289,-120.4165514,36.36672438
353,21890,1070,4087.417499,-120.413779,36.34641103
354,21977,1066,752.5828205,-120.3692589,36.3405511
355,22066,1066,7642.955241,-120.393702,36.31966862
356,22154,1066,3195.596213,-120.3463931,36.30385466
357,22155,1066,738.8947688,-120.3072724,36.29339644
358,22241,1066,683.8030293,-120.285074,36.28762962
359,22315,1066,6230.75152,-120.3210454,36.27626333
360,22395,910,6511.275624,-120.3153633,36.24404914
361,22476,910,2317.691755,-120.287521,36.2104754
362,22561,910,640.6679433,-120.2686797,36.19644716
363,22653,908,591.1069203,-120.267601,36.1834367
364,22748,904,766.3946395,-120.2830733,36.18380436
365,22851,900,685.9094166,-120.2977065,36.18971074
366,22963,899,667.6600231,-120.3121268,36.2014606
367,23090,897,699.8490948,-120.3276724,36.21806163
368,23227,897,9031.520331,-120.3818192,36.26454064
369,23365,890,2013.288891,-120.3816926,36.22865833
370,23655,891,759.9692617,-120.4045288,36.13865495
371,23515,895,73362.52782,-120.5262131,36.12538019
372,23378,899,942.8416302,-120.3598198,36.10589471
373,23379,903,40400.98126,-120.4085583,36.04063313
374,23380,905,1415.28813,-120.2951362,36.07360013
375,23516,867,480.3559215,-120.2743633,36.07260311
376,23656,862,178.7055391,-120.2613561,36.06263262
377,23657,860,989.9033314,-120.2707946,36.05853934
378,24010,866,260.4794935,-120.1626365,36.06275733
379,24115,866,272.7943631,-120.1514165,36.05224979
380,24212,866,483.8349368,-120.1316507,36.03825588
381,24302,279,921.4772467,-120.1115846,36.0272244
382,24389,279,808.2580769,-120.08896,36.01248082
383,24482,279,1239.519685,-120.0685099,36.00284153
384,24577,279,1330.407358,-120.0442979,35.98616772
385,24676,279,633.2188752,-120.0234154,35.96818771
386,24676,279,42.86002668,-120.004843,35.94819323
387,24776,279,53.36302948,-119.9964457,35.92878695
388,24879,279,211.9668507,-119.9840664,35.89930786
389,24987,279,239.8085179,-119.9736351,35.88532662
390,25106,279,58.75128989,-119.9590997,35.8668016
391,25222,279,1242.036179,-119.9255416,35.83269246
392,25350,279,819.7999536,-119.9294318,35.81584968
393,25475,279,23.35780015,-119.9391699,35.79958519
394,25588,279,309.157721,-119.9230415,35.77761757
395,25692,279,1490.642034,-119.9037139,35.77146518
396,25693,279,124.9785623,-119.8863462,35.76053713
397,25589,300,488.1205152,-119.8779029,35.76542091
398,25476,300,383.5578871,-119.8849376,35.77703307
399,25351,300,2222.988295,-119.9085476,35.79189107
400,25223,300,2160.612645,-119.9124553,35.81131683
401,25107,300,382.038159,-119.9040436,35.83683692
402,24988,300,3521.654455,-119.9294328,35.8567757
403,24880,311,754.8290773,-119.9158425,35.87636025
404,24777,311,4115.21532,-119.9487696,35.89041394
405,24678,311,1196.058828,-119.950654,35.91065698
406,24578,807,4324.501679,-119.9745102,35.92958878
407,24480,807,3775.539359,-119.987137,35.96134746
408,24390,807,996.6336717,-119.9790434,35.97654288
409,24304,807,1143.190113,-119.9938516,35.98883893
410,24303,807,1881.986576,-120.0186155,35.99531453
411,24213,0,2040.444761,-120.042492,36.01038037
412,24116,807,1293.76929,-120.0517367,36.02867334
413,24011,807,3202.863268,-120.0844501,36.03550798
414,23909,807,684.5119649,-120.0977909,36.05528332
415,23908,807,1919.408184,-120.1192056,36.05736267
416,23907,807,1771.233509,-120.1417115,36.06362639
417,23906,872,468.9318109,-120.158568,36.07330654
418,24106,866,387.921153,-120.2433323,36.03221473
419,24205,866,403.9810034,-120.249063,36.0194866
420,24206,866,7113.516502,-120.2508818,35.97811326
421,24207,866,4015.449522,-120.216575,35.96183746
422,24208,279,548.0782687,-120.1828533,35.96615558
423,24298,279,3024.473997,-120.1855824,35.94686643
424,24385,279,3960.425917,-120.1605123,35.93172195
425,24478,279,3102.141018,-120.1190729,35.91937708
426,24572,279,473.7927649,-120.0907084,35.9113349
427,24672,279,979.5161915,-120.0794868,35.89879205
428,24772,279,3975.031898,-120.080173,35.87704953
429,24876,279,977.0188801,-120.0434544,35.85829483
430,24984,279,2661.63353,-120.0352276,35.84351632
431,25103,279,1176.877829,-120.0157426,35.82671884
432,25219,279,1192.959915,-120.0038277,35.81425808
433,25346,279,1342.743628,-120.0027084,35.80032733
434,25469,279,543.846417,-120.0237866,35.80227139
435,25577,279,440.3219881,-120.0349547,35.8173262
436,25679,279,608.3980733,-120.0547644,35.83568761
437,25786,279,802.4323177,-120.080696,35.84891109
438,25885,279,935.5242845,-120.1008083,35.8677008
439,25986,279,1887.726853,-120.1253497,35.89648394
440,25987,279,37081.9441,-120.2189329,35.88673094
441,25886,279,718.0497147,-120.129982,35.84478026
442,25788,279,4953.031441,-120.1530307,35.82173057
443,25789,279,611.3132815,-120.1295778,35.80811838
444,25790,279,12132.69357,-120.1638126,35.77701887
445,25683,279,944.1691664,-120.1067147,35.76621578
446,25684,279,1077.685878,-120.1000641,35.75133812
447,25685,279,3125.025981,-120.0950378,35.7344526
448,25591,279,1563.357364,-120.0491379,35.73468735
449,25582,279,833.644441,-120.0199067,35.7469343
450,25583,279,614.6515182,-120.0001243,35.74635919
451,25686,279,1417.990264,-120.0128927,35.73233011
452,25791,279,1774.95229,-120.0058215,35.70894509
453,25792,279,144.8733111,-119.9849031,35.70568106
454,25887,279,297.4330724,-120.001365,35.69180786
455,25988,279,300.3060813,-120.0190166,35.69708332
456,26093,279,2117.539414,-120.0392216,35.71516397
457,26199,279,1247.163248,-120.0865465,35.71494371
458,26200,279,1381.208432,-120.1117037,35.71460434
459,26303,279,2836.217007,-120.1421182,35.72541383
460,26407,279,8806.66663,-120.1918423,35.72303765
461,26304,279,2568.078905,-120.1558583,35.68402814
462,26305,279,146.3698136,-120.1247744,35.67537117
463,26408,279,1573.133432,-120.1544601,35.66698326
464,26306,279,5923.860735,-120.1543124,35.63964108
465,26203,279,4256.470692,-120.1105532,35.62308504
466,26204,279,589.8808831,-120.0487174,35.63758308
467,26098,279,933.7084424,-120.030913,35.63151589
468,26099,279,10241.20791,-120.0455925,35.60696556
469,26205,279,1600.064872,-119.9877831,35.59805641
470,26205,279,346.0171182,-119.9695041,35.59417504
471,26307,279,675.9913601,-120.0023534,35.58701405
472,26409,279,809.9180216,-120.0246,35.57830957
473,26514,279,48827.52335,-120.0607983,35.53332813
474,26410,259,674.2562773,-120.0115052,35.55832859
475,26308,259,2533.940628,-119.9892767,35.54685312
476,26411,259,1748.787591,-119.9633997,35.52946774
477,26515,259,1140.97426,-119.951428,35.51449891
478,26613,256,2359.34609,-119.939467,35.49422285
479,26712,256,555.8141302,-119.912521,35.49491786
480,26828,256,3898.085533,-119.928779,35.45545912
481,26829,256,2944.756745,-119.8973121,35.46759476
482,26947,240,9805.429491,-119.8829343,35.43193256
483,27063,240,95.50647979,-119.8374428,35.44403259
484,27177,240,1898.730345,-119.8161495,35.43485639
485,27289,235,5396.042971,-119.8418447,35.41060518
486,27401,232,542.1096641,-119.7896226,35.41471821
487,27517,231,2530.648813,-119.8059421,35.39911985
488,27518,231,10103.63597,-119.8165216,35.36696112
489,27629,225,2209.030557,-119.7664208,35.35679583
490,27728,225,4622.635352,-119.7577397,35.33624232
491,27827,225,1200.28811,-119.7077979,35.33964406
492,27921,225,1911.277729,-119.6904549,35.32653329
493,28008,225,430.8472958,-119.6680401,35.31636372
494,28098,223,499.7098027,-119.6510557,35.3066038
495,28186,220,524.0729272,-119.6581732,35.30022885
496,28273,220,363.9882316,-119.6773862,35.30928597
497,28367,220,659.3390128,-119.7091398,35.31880118
498,28456,220,443.7497031,-119.738551,35.32638066
499,28549,220,1164.907047,-119.7741848,35.31793072
500,28457,220,2410.922006,-119.7552015,35.29904722
501,28368,220,1206.420246,-119.7288368,35.29017103
502,28274,220,3476.266325,-119.7101894,35.27586723
503,28275,220,3077.420854,-119.6782232,35.26203278
504,28276,220,2273.299497,-119.657767,35.24939362
505,28369,185,131.242561,-119.6508589,35.23959147
506,29458,185,4377.906276,-119.6961583,35.23309457
507,28450,185,1858.352527,-119.663946,35.20937525
508,28550,185,2470.631466,-119.641821,35.19893515
509,28551,185,3133.828283,-119.6198793,35.18443456
510,28632,185,3241.476796,-119.5932497,35.1672684
511,28719,185,4025.91218,-119.5699324,35.14334405
512,28810,185,2088.815366,-119.5422313,35.12651307
513,28891,185,1882.077545,-119.5262115,35.11307106
514,28970,185,4221.443987,-119.5071082,35.09372804
515,29052,185,522.4885036,-119.4769007,35.08801286
516,29132,185,2632.587813,-119.476248,35.07054405
517,29218,185,147.915696,-119.4456705,35.06849741
518,29315,185,2064.514976,-119.4541942,35.05371954
519,29391,185,1519.6776,-119.4606521,35.0361986
520,29457,185,6395.050404,-119.4574522,35.00027797
521,29392,185,617.8781542,-119.4249255,35.01166112
522,29393,185,9476.293408,-119.4055777,34.97852133
523,29458,185,820.9502839,-119.3980584,35.02254137
524,29517,185,761.2759375,-119.3878092,35.00945561
525,29518,185,12098.67133,-119.3608647,34.95781524
526,29570,185,1140.06729,-119.3271871,34.99910317
527,29617,185,138.4872037,-119.3142217,34.99035292
528,29661,185,1915.717142,-119.326302,34.96084059
529,29662,185,420.6303057,-119.307138,34.96193582
530,29710,185,16782.27706,-119.3011496,34.90109314
531,29711,185,428.8156004,-119.2752493,34.93479108
532,29766,185,6614.517014,-119.2453389,34.91557578
533,29713,185,1116.016748,-119.2197474,34.94359459
534,29767,185,479.4836995,-119.2038224,34.94962813
535,29819,185,20370.84206,-119.1729286,34.86653848
536,29821,185,8508.386957,-119.1378561,34.88769717
537,29768,185,128.9500825,-119.174011,34.95819595
538,29832,185,900.4624682,-119.1615426,34.95649583
539,29923,185,5826.974146,-119.1328626,34.94709312
540,29869,185,17343.16727,-119.0890504,34.91450706
541,29914,185,72.44627667,-119.0969685,34.99203761
542,29958,185,44.74912223,-119.0972838,34.98473609
543,29959,185,124.8612838,-119.0916834,34.97512366
544,29999,185,213.2153042,-119.0805251,34.96452281
545,30040,185,620.2598218,-119.0474478,34.94947094
546,30041,185,227.7392161,-119.0240174,34.95311453
547,30073,185,18071.51817,-119.0223691,34.89280983
548,30098,185,9851.985865,-118.9647274,34.88396916
549,30099,185,891.4424374,-118.9507194,34.9152342
550,30122,185,679.0271174,-118.9394757,34.90370393
551,30123,185,53349.1247,-118.9381217,34.83250705
552,30141,185,7360.271536,-118.8640626,34.90025399
553,30142,185,1368.427192,-118.8567997,34.92524354
554,30155,185,20496.19078,-118.7698693,34.89974757
555,30156,185,1138.216612,-118.8116921,34.93582066
556,30145,185,4188.717877,-118.7881321,34.94363053
557,30157,185,469.3605596,-118.7891251,34.96820573
558,30166,185,11882.1108,-118.7221375,34.94534637
559,30167,185,2601.270831,-118.7415771,34.98345136
560,30171,185,998.419174,-118.7294129,35.00605144
561,30175,185,19910.78118,-118.6632071,34.97672446
562,30176,185,946.2659156,-118.6929663,35.02818599
563,30177,185,925.9900821,-118.6733021,35.03342883
564,30179,185,26353.32334,-118.5790094,35.02391589
565,30178,185,30904.57948,-118.588956,35.09659561
566,30174,185,867.6093562,-118.6956015,35.07808097
567,30165,185,1077.571718,-118.7220988,35.08520569
568,30154,185,12999.81434,-118.6970506,35.1147629
569,30139,185,2939.679783,-118.749693,35.12063741
570,30115,185,1471.851044,-118.7747359,35.12507029
571,30118,185,2566.228499,-118.7532882,35.14028344
572,30093,185,446.687406,-118.7806257,35.15552392
573,30067,185,71.97754338,-118.7907082,35.16214076
574,30026,185,103.0899682,-118.7912639,35.16610376
575,30027,185,4201.418907,-118.7469014,35.16119164
576,30028,185,20065.6248,-118.6619284,35.17371643
577,30029,185,1390.951118,-118.7258463,35.20030304
578,30068,185,2966.182148,-118.696452,35.21312078
579,30032,185,3502.877638,-118.6780334,35.23113429
580,29989,185,1450.028377,-118.7146907,35.25760688
581,29991,185,757.5323972,-118.7262647,35.27002578
582,30033,185,451.6629616,-118.7059834,35.26981613
583,30034,185,711.4824791,-118.6864502,35.264412
584,30069,185,2111.513697,-118.6672591,35.25022286
585,30094,185,773.9022186,-118.6481423,35.24937375
586,30095,185,1212.347189,-118.6240446,35.25802863
587,30119,185,80898.09993,-118.5094008,35.16957147
588,30140,185,117645.0267,-118.4071491,35.30367799
589,30121,185,871.3697419,-118.6090455,35.31553171
590,30097,185,1961.003652,-118.6305911,35.31519236
591,30071,185,2379.921101,-118.6523111,35.32058623
592,30072,185,947.2777151,-118.6741427,35.32415431
593,30038,185,837.45101,-118.6885482,35.33378124
594,29996,185,87391.95711,-118.5178823,35.42230009
595,29953,185,1831.670328,-118.7240274,35.36715225
596,29907,185,1095.296798,-118.7463159,35.3765466
597,29908,5,25878.79075,-118.6774137,35.4174128
598,29954,5,287.4173295,-118.7709556,35.40216457
599,29955,5,570.682499,-118.7734256,35.41805562
600,29910,5,223.1414634,-118.795167,35.41524879
601,29911,5,203.385203,-118.8048336,35.41802544
602,29956,5,18.96259052,-118.8072595,35.42396534
603,2988,5,169.2174273,-118.8284021,35.43249134
604,29817,6,3734.603861,-118.8190134,35.46679234
605,29818,7,454.0320824,-118.8422437,35.44060607
606,29763,8,293.4221407,-118.846125,35.44525395
607,29764,9,560.612348,-118.8490132,35.45345359
608,29765,10,4008.167737,-118.8553743,35.47558656
609,29709,11,171.6359519,-118.871867,35.44606174
610,29659,12,200.4547935,-118.8797029,35.44016648
611,29660,13,1771.537838,-118.8820289,35.46054423
612,29615,14,462.8406192,-118.893114,35.45441351
613,29616,15,1503.346538,-118.8984076,35.47039851
614,29569,16,336.525108,-118.9095124,35.45953608
615,29515,17,1162.862533,-118.9155863,35.470801
616,29451,18,126.7729759,-118.9280018,35.45258885
617,29452,19,182.0518769,-118.9237301,35.46187462
618,29453,19,93.58727208,-118.9211625,35.4715861
619,29456,27,107.3718614,-118.9336484,35.50850212
620,29216,94,428.7861787,-118.9342874,35.54014753
621,29217,94,397.79737,-118.93729,35.54762307
622,29131,96,313.4047685,-118.935776,35.55829737
623,29051,96,164.1743844,-118.9293387,35.57391292
624,28969,114,735.9540804,-118.9273624,35.59189343
625,28890,114,386.2396462,-118.9164594,35.60413354
626,28808,114,13788.97507,-118.8521796,35.62927078
627,28809,380,975.1472193,-118.925639,35.65544576
628,28718,351,247.3668358,-118.9380435,35.67419352
629,28631,351,34586.23454,-118.8410331,35.6927809
630,28544,351,9600.589483,-118.8615943,35.7421538
631,28545,351,2437.405472,-118.9101858,35.75383722
632,28546,351,894.9744854,-118.9162801,35.77307648
633,28272,326,307.0159248,-118.9172619,35.83411617
634,28185,329,3090.556276,-118.8870365,35.84684082
635,28096,330,1527.586003,-118.903606,35.85799828
636,28097,401,626.3844639,-118.9114578,35.87258403
637,28007,401,262.5628783,-118.9230788,35.88678964
638,27920,401,18296.43345,-118.886344,35.90333761
639,27824,401,394.9944223,-118.9594565,35.91915343
640,27825,401,223.2617104,-118.9440346,35.92658092
641,27826,401,479.229929,-118.9243106,35.93766895
642,27726,401,169.5799939,-118.9450851,35.95640882
643,27624,400,138.1136861,-118.956362,35.97232846
644,27511,394,180.7736197,-118.9612766,35.98076244
645,27394,394,241.7278054,-118.9573178,35.98778099
646,27395,391,167.2672945,-118.9511998,35.99328262
647,27397,389,77.19618298,-118.9456911,35.99623918
648,27512,388,69.8836488,-118.9434161,35.9910827
649,27625,387,855.9535654,-118.9459013,35.97770582
650,27626,387,3615.325161,-118.9187338,35.96154309
651,27727,387,270.9998343,-118.9151932,35.97960997
652,27399,389,1497.821944,-118.914139,36.01951921
653,27400,390,293.6729492,-118.936451,36.01824283
654,27288,390,248.9647741,-118.9505255,36.02130856
655,27173,391,201.0688138,-118.9597109,36.02366131
656,27057,466,126.8512095,-118.9580989,36.0315711
657,27171,464,425.8149801,-118.9432554,36.02759011
658,27285,464,781.6333174,-118.9203826,36.03111271
659,27286,463,360.0219095,-118.9131495,36.04255259
660,27062,463,128.6336984,-118.9329771,36.05821209
661,26946,466,930.2073261,-118.9478539,36.07279063
662,26827,468,601.9712262,-118.9640368,36.07516399
663,26711,470,533.7285451,-118.9768987,36.08272011
664,26610,471,475.5250962,-118.9846558,36.09640162
665,26508,473,476.4645791,-119.0003623,36.10797041
666,26509,490,205.9692848,-118.9932132,36.11678193
667,26510,490,1436.286515,-118.9722076,36.09987315
668,26612,490,667.2466145,-118.9389361,36.11781438
669,26512,490,559.418745,-118.9426323,36.13492516
670,26513,490,2836.609171,-118.9258123,36.1609535
671,26406,490,1983.391727,-118.9626912,36.16742677
672,26300,490,171.8553484,-118.9910955,36.16110611
673,26195,494,165.2084072,-118.9913214,36.17143939
674,26301,498,11263.08072,-118.9299201,36.2019771
675,26302,498,1393.556233,-118.9856053,36.21847554
676,26196,498,736.4667316,-119.0031271,36.20242063
677,26091,498,853.7724526,-119.0103018,36.21183034
678,26197,498,1140.886923,-119.0078009,36.23129298
679,26198,498,1492.986744,-119.0420428,36.23965044
680,26092,498,421.2113117,-119.0433726,36.21939147
681,25985,498,503.5979469,-119.055005,36.2125336
682,25884,505,454.1716505,-119.0604555,36.22732308
683,25785,518,792.7707699,-119.0704727,36.24829413
684,25678,597,970.7416834,-119.0879839,36.27101612
685,25574,589,454.8894785,-119.1012759,36.28247575
686,25461,579,170.4202409,-119.1020202,36.29199702
687,25462,579,126.3616344,-119.1019786,36.29591036
688,25331,575,127.7266015,-119.1032348,36.29983995
689,25332,570,286.4777217,-119.0891183,36.29248187
690,25463,570,848.3396124,-119.0715583,36.27503794
691,25464,570,41689.65589,-118.9374098,36.27128565
692,25334,570,529.5758874,-119.0503516,36.30639315
693,25337,570,10503.35068,-119.0112699,36.32078425
694,25338,567,405.6635916,-119.0318975,36.35024632
695,25339,561,1923.372368,-118.9950992,36.36452523
696,25340,560,414.8177867,-118.9963028,36.37942491
697,25342,558,497.2762826,-119.0031355,36.39157788
698,25466,554,378.4073659,-119.0037166,36.43150188
699,25467,555,612.973053,-119.0107851,36.44016106
700,25576,555,49341.33093,-119.0042613,36.57240895
701,25468,555,1237.884236,-119.0406419,36.42976144
702,25345,555,195.3689094,-119.0325326,36.41547029
703,25218,556,44.41041067,-119.0292764,36.406494
704,25102,557,185.1420537,-119.0350493,36.40890826
705,24982,560,308.7298529,-119.0442365,36.41179742
706,24875,562,344.6067958,-119.057167,36.4128509
707,24771,563,722.094042,-119.063451,36.42334112
708,24667,570,430.5075216,-119.0709959,36.43579002
709,24668,570,1426.186695,-119.0526316,36.44897535
710,24669,570,2316.331954,-119.0675737,36.47375965
711,24567,570,163.6031595,-119.0947181,36.45566317
712,24568,570,3348.250597,-119.0753845,36.49196731
713,24569,718,1558.536829,-119.0932367,36.50393905
714,24570,718,968.3243565,-119.1079761,36.516033
715,24670,718,38007.9219,-119.0933507,36.61320365
716,24671,718,1350.349231,-119.129463,36.55312291
717,24571,718,8229.539905,-119.1545424,36.55554863
718,24477,718,397.9056907,-119.1349079,36.49382806
719,24385,718,954.0435488,-119.1523704,36.4910725
720,24384,718,2490.533077,-119.1742215,36.51102236
721,24296,718,984.6205489,-119.2056454,36.50966909
722,24201,718,288.919339,-119.2273444,36.50614721
723,24202,695,626.6722176,-119.2286879,36.51816882
724,24104,692,826.1520583,-119.2158717,36.52600963
725,24203,692,1051.846519,-119.195756,36.53019698
726,24297,692,1857.007194,-119.1800441,36.55909227
727,24204,692,6687.818497,-119.1941182,36.60118126
728,24105,692,214.3713,-119.2275849,36.56072299
729,24000,692,3405.833897,-119.2247231,36.59048361
730,23890,692,795.2946922,-119.2537154,36.58831077
731,23891,692,277.3296284,-119.2722529,36.59439986
732,23892,692,494.4164277,-119.2507846,36.60038406
733,24001,692,1628.199912,-119.2297666,36.61316644
734,24002,692,19674.27712,-119.2007715,36.67391253
735,23894,692,602.4825511,-119.2592278,36.63772773
736,23771,687,1479.707653,-119.260125,36.65694967
737,23772,687,4003.214548,-119.2720585,36.68235824
738,23646,687,436.5325196,-119.2952283,36.68550724
739,23773,687,3666.156854,-119.2917114,36.71709229
740,23647,687,578.2388256,-119.3241989,36.69130563
741,23499,687,613.0541593,-119.3349051,36.67677232
742,23501,687,545.3186554,-119.3389544,36.69268289
743,23362,675,2019.834921,-119.3272625,36.71519694
744,23218,675,1311.382901,-119.3470141,36.72932453
745,23363,675,557.1198203,-119.3479107,36.74052888
746,23502,675,4450.77076,-119.3173705,36.74813194
747,23503,675,2054.562041,-119.343445,36.78176046
748,23504,675,1605.085909,-119.3724085,36.77477933
749,23364,675,271.9729323,-119.3820986,36.74418677
750,23219,675,777.7822312,-119.3957921,36.73457358
751,23220,662,408.2409226,-119.4123098,36.72766729
752,23079,662,312.6299373,-119.426487,36.72378228
753,22952,659,252.9112477,-119.4353793,36.72900018
754,22953,653,80.82649318,-119.4352043,36.73688312
755,23080,649,412.3994772,-119.4216856,36.73447828
756,23081,649,331.3564044,-119.4111945,36.74234903
757,23082,649,594.9981838,-119.4011615,36.75000531
758,23221,648,369.0046062,-119.3899369,36.7652155
759,23222,648,729.7520162,-119.3824498,36.7795107
760,23223,647,243.874386,-119.39337,36.78425361
761,23224,646,169.8394444,-119.3956878,36.78869063
762,23225,646,178.1625622,-119.3939786,36.79398943
763,23088,646,1302.795364,-119.4064642,36.81417356
764,23089,647,175.7503741,-119.4226533,36.80000519
765,22962,648,7862.794003,-119.4234854,36.83990754
766,22962,650,199.2399001,-119.4382961,36.79144269
767,22746,650,1306.607271,-119.4489235,36.80692878
768,22747,650,228.1171149,-119.459727,36.79688836
769,22652,652,312.5839186,-119.4699377,36.79073329
770,22560,656,277.8148429,-119.4818986,36.78621328
771,22474,659,133.0880288,-119.4920853,36.77865378
772,22475,1182,1327.505818,-119.4762921,36.80026808
773,22394,1182,2171.411605,-119.4848142,36.8146006
774,22313,1182,513.7512397,-119.5136231,36.81401614
775,22238,1182,13667.03433,-119.4667048,36.86578029
776,22151,1182,1775.271765,-119.5125469,36.87360449
777,22152,1182,393.283758,-119.5268469,36.88653676
778,22239,1162,8144.417098,-119.4709771,36.9134136
779,22314,1162,23314.78054,-119.4385922,36.98219257
780,22240,1162,2196.507808,-119.5472735,36.93667259
781,22153,1162,1160.467346,-119.5626057,36.90896459
782,22065,1162,885.3207972,-119.5780119,36.90094653
783,21976,1162,1012.236679,-119.5949325,36.89240984
784,21889,1162,4747.392537,-119.5917547,36.92108127
785,21797,1162,1725.995184,-119.6352839,36.90987802
786,21696,1162,1273.372189,-119.6553424,36.91899612
787,21697,1130,1017.182449,-119.6619624,36.9350796
788,21579,1124,36738.58129,-119.5604511,36.98790401
789,21580,1124,142.9451053,-119.6646169,36.95841872
790,21581,1124,194.4920654,-119.6708913,36.96569539
791,21461,1124,214.3989647,-119.6857077,36.96067131
792,21335,1124,2903.477394,-119.6646473,36.97988246
793,21336,1119,135.6119991,-119.6981485,36.97917932
794,21337,1117,140.3186774,-119.6992821,36.98796291
795,21212,1116,138.1434014,-119.6989832,36.99294912
796,21105,1116,123.0391213,-119.7113904,37.00680046
797,21005,1117,366.4363023,-119.7155604,37.01242629
798,21006,1117,125.1597215,-119.7234059,37.01361342
799,21007,1117,21627.55676,-119.733523,37.07274169
800,20816,1129,1224.939498,-119.7569855,37.01347191
801,20817,1270,729.7972478,-119.7759724,37.01534377
802,20725,1270,1219.68473,-119.7872417,37.01842878
803,20726,1270,547.8818762,-119.7950091,37.0244216
804,20727,1270,6332.411879,-119.7930006,37.06511028
805,20637,1270,3805.128297,-119.8238194,37.06101441
806,20546,1270,2572.349715,-119.8479293,37.04404481
807,20439,1270,1525.275866,-119.8711617,37.04564797
808,20440,1270,1167.577746,-119.8819298,37.06007402
809,20318,1270,296.752692,-119.8946958,37.06425378
810,20319,1291,69.75437903,-119.8994188,37.06665763
811,20323,1292,200.1859773,-119.9027522,37.08978112
812,20324,1292,121.6640697,-119.9080536,37.09320792
813,20196,1292,1851.886722,-119.9199461,37.1104172
814,20086,1292,487.7373907,-119.9250867,37.08979549
815,20087,1292,74.2735796,-119.9315175,37.08561717
816,19989,1292,125.8731558,-119.9346426,37.07743234
817,19879,1295,2102.179277,-119.9389115,37.10139499
818,19807,1350,1167.96774,-119.9557666,37.09556174
819,19711,1350,2352.775156,-119.9549567,37.12135466
820,19604,1350,12299.7249,-119.9424366,37.17394182
821,19493,1350,1844.217724,-119.989578,37.14997573
822,19386,1350,2029.635658,-120.0054862,37.16254168
823,19282,1350,820.1840576,-120.0219873,37.17064497
824,18796,1591,1013.132366,-120.0676992,37.20519592
825,18797,1591,2321.897034,-120.0667884,37.22979061
826,18593,1590,15224.87023,-120.0641984,37.30087848
827,18505,1592,611.5720813,-120.1456363,37.24856729
828,18506,1592,1015.403854,-120.1445317,37.26698042
829,18426,1592,279.5722089,-120.1690184,37.2655146
830,18349,1619,32401.06657,-120.0819327,37.35211839
831,18275,1619,17461.18323,-120.1176976,37.38914941
832,18204,1619,915.8774635,-120.1937312,37.33155674
833,18131,1619,8196.623638,-120.170002,37.37503517
834,18132,1619,585.70241,-120.2167483,37.35688504
835,18064,1644,1735.532342,-120.2325064,37.38919018
836,17995,1645,6240.222707,-120.2292876,37.42752878
837,17912,1645,578.9457814,-120.2631255,37.43239549
838,17829,1645,284.0427764,-120.2743668,37.44144803
839,17830,1645,25734.67544,-120.2223428,37.50822753
840,17579,1721,177.8194874,-120.3177386,37.50477946
841,17483,1720,118.8890628,-120.3217815,37.51340399
842,17260,1719,70.591733,-120.3299069,37.533906
843,17144,1761,120.7992122,-120.3329803,37.5422417
844,17044,1761,3332.115923,-120.3186381,37.56450842
845,16958,1761,210.5644439,-120.3503997,37.56579091
846,16880,1761,12731.04923,-120.3361735,37.61133349
847,16801,1761,6526.866141,-120.3747385,37.64069135
848,16724,1761,980.1364046,-120.4086434,37.61545214
849,16647,1761,1173.450861,-120.4270354,37.62674451
850,16577,1938,111.3324273,-120.4657649,37.6436467
851,16492,1935,1794.768848,-120.444055,37.64116926
852,16493,1935,356.63026,-120.4419479,37.65427335
853,16247,1932,1723.324046,-120.4495601,37.68891405
854,16114,1933,373.7016507,-120.4702439,37.69020034
855,16009,2005,3014.829624,-120.453467,37.71225334
856,15919,2005,7380.710977,-120.4638767,37.74435583
857,15833,2005,7856.344134,-120.4932258,37.77347168
858,15738,2005,16166.95716,-120.538788,37.80138736
859,15633,2005,1163.937367,-120.5769092,37.7708691
860,15526,2005,1702.477262,-120.594611,37.7762856
861,15422,2005,1958.980175,-120.6032192,37.79593121
862,15311,2073,95.02736971,-120.622421,37.7981928
863,15312,2071,3109.56421,-120.5988662,37.82283556
864,15186,2071,111.7352696,-120.6327689,37.81278276
865,15187,2068,1880.88161,-120.617391,37.83773787
866,15189,2065,143.752572,-120.6326794,37.84135366
867,14792,2076,26289.70813,-120.6727985,37.9479187
868,14715,2081,3420.823014,-120.6735756,37.87868384
869,14634,2081,6107.678937,-120.7005801,37.89895567
870,14550,2242,1742.951719,-120.7312994,37.89368881
871,14471,2242,3860.579569,-120.731407,37.92636721
872,14393,2242,1542.096055,-120.7508775,37.93386341
873,14316,2242,5096.574824,-120.7531016,37.95550228
874,14243,2242,3579.97352,-120.7699226,37.97972563
875,14188,2242,967.8894173,-120.8009107,37.97878298
876,14092,2242,2034.838058,-120.790701,37.99611343
877,14006,2242,17967.02935,-120.7439443,38.03675964
878,13923,2242,1541.422617,-120.8153569,38.04052774
879,13856,2261,826.135159,-120.8310506,38.05504466
880,13780,2260,3206.27852,-120.8203937,38.07130798
881,13521,2255,405.8741582,-120.8640365,38.10373895
882,13522,2267,813.2876876,-120.8577022,38.11885687
883,13523,2267,359.8051888,-120.8586039,38.13188645
884,13436,2267,759.1820107,-120.8494745,38.14923889
885,12315,2456,555.6414366,-120.8813693,38.2784481
886,12174,2456,62403.13067,-120.6956311,38.39217582
887,12033,2456,728.8697726,-120.8956372,38.322848
888,11892,2456,283.7313812,-120.9076382,38.33619907
889,11743,2448,19057.85057,-120.8119518,38.38588271
890,11039,2560,1619.977917,-120.9651505,38.41546657
891,10915,2560,10120.66352,-120.9288967,38.45074409
892,10789,2560,2055.690932,-120.9886473,38.45572356
893,10106,2520,3401.472397,-121.0735363,38.53537965
894,9996,2526,32410.36926,-121.0164755,38.61260313
895,9888,2526,14813.97116,-121.0706545,38.62924282
896,9788,2526,173.6878355,-121.1290003,38.57998573
897,9691,2526,1797.118753,-121.1256621,38.6059965
898,9584,4191,145.0528546,-121.1426635,38.62275296
899,9483,4190,5426.395599,-121.1195931,38.63731486
900,9484,4186,174.8712709,-121.1419831,38.66040474
901,9585,4186,458.4595539,-121.1207546,38.66381334
902,9586,4186,2005.843504,-121.0994996,38.66766919
903,9587,4186,1188.356084,-121.1016489,38.6939305
904,8980,4234,2387.112739,-121.1806142,38.72795353
905,8864,4234,1823.552266,-121.1980387,38.74024517
906,8758,4234,11679.71296,-121.1604233,38.78558937
907,8657,4234,13737.90226,-121.1713119,38.82357255
908,8557,4234,5860.34341,-121.2032809,38.83690368
909,8452,4145,328.0465271,-121.2316165,38.81701284
910,8453,4145,1591.233811,-121.209656,38.85784465
911,8347,4145,112.1582047,-121.2297659,38.86009843
912,8240,4145,284.4060159,-121.2436257,38.86627013
913,8118,4145,38336.19154,-121.1264486,38.92713749
914,7995,4145,1545.395132,-121.2504414,38.91934762
915,7996,4145,14605.44005,-121.1960603,38.93624916
916,7876,4145,1403.135955,-121.2783107,38.95580687
917,7877,4145,15831.29603,-121.2164459,38.97772925
918,7878,4145,1729.33004,-121.3028922,39.00676564
919,7751,4093,1030.33424,-121.3171688,39.01674392
920,7153,4093,573.2849599,-121.3352135,39.05891035
921,7043,4093,706.5489713,-121.3415166,39.07061379
922,6925,4093,55286.80368,-121.2327088,39.13158297
923,6926,4093,384.7905411,-121.3490108,39.11414518
924,6817,4093,3171.647079,-121.3616632,39.13494164
925,6711,4093,7361.490055,-121.3708266,39.16203868
926,6615,4093,360.065343,-121.4172575,39.14506816
927,6514,4093,2987.619011,-121.3964198,39.17608398
928,6413,4030,1548.970646,-121.4076018,39.18534914
929,6011,4031,433.776919,-121.4399053,39.23320487
930,5920,4031,1624.502564,-121.4358662,39.25203657
931,5834,4031,1209.543329,-121.4522543,39.27276355
932,5750,4031,2232.683958,-121.4629596,39.29534883
933,5473,3927,802.252938,-121.5030487,39.35854902
934,5384,3927,1149.999727,-121.5121862,39.37803255
935,5301,3927,5185.961347,-121.4887512,39.42901398
936,5219,3927,838.0217636,-121.5104659,39.41535749
937,5138,3964,1491.857214,-121.5135419,39.43731806
938,5052,3964,1786.881859,-121.5096284,39.46012657
939,4968,3964,5064.607493,-121.4910535,39.48737692
940,4801,3945,500.62288,-121.557806,39.54450318
941,4719,3946,857.1102846,-121.5789431,39.54238764
942,4647,3950,249.6923184,-121.60232,39.53210781
943,4580,3950,250.7826767,-121.6155869,39.52755012
944,4519,3472,2268.326324,-121.6114742,39.54263143
945,4457,3472,4466.771729,-121.5855646,39.56352688
946,4394,3472,4053.634576,-121.5836813,39.58320641
947,4395,3472,989.1820551,-121.5944482,39.59213615
948,4327,3472,2134.691201,-121.5671742,39.61027205
949,4328,3472,12912.62842,-121.5754574,39.67984717
950,4253,3472,2651.516744,-121.6060354,39.66144046
951,4180,3472,7255.703434,-121.6154423,39.70390894
952,4097,3472,4642.557666,-121.6333229,39.71599848
953,4017,3436,3020.940445,-121.6485078,39.72267215
954,3940,3436,1091.041506,-121.6721033,39.71444796
955,3861,3436,1794.880775,-121.6734749,39.72842263
956,3707,3420,1009.173087,-121.7075228,39.74860757
957,3637,3231,15085.33698,-121.685002,39.82836941
958,3567,3228,386.6205143,-121.7403003,39.77112731
959,3427,3226,105.2095823,-121.7605234,39.78399549
960,3361,3245,3024.410727,-121.7587597,39.80430461
961,3300,3245,1822.565422,-121.7801316,39.82076795
962,3239,3245,14635.15067,-121.7408786,39.88112138
963,3177,3245,15337.03948,-121.769738,39.9070974
964,3105,3245,1838.696882,-121.8238421,39.87686899
965,3035,3245,1635.922058,-121.8402891,39.88991776
966,2965,3245,16760.80358,-121.7805864,39.95714589
967,2889,3245,6968.656696,-121.8280188,39.95771695
968,2820,3245,11382.04806,-121.8456173,39.98101514
969,2758,3245,3111.142832,-121.8900125,39.98366231
970,2695,3245,1238.650899,-121.9130907,39.98172698
971,2630,3245,1370.802563,-121.9156163,39.99991291
972,2569,3245,335.007622,-121.9337681,40.00574568
973,2450,3160,1322.161492,-121.9236033,40.02965031
974,2386,3142,10189.62768,-121.8644491,40.05691993
975,2315,3142,18717.33323,-121.8277117,40.0949089
976,2183,3064,271.36248,-121.9811733,40.073797
977,2114,3068,1010.049461,-121.9800735,40.08229983
978,2046,3005,1327.651422,-121.9868119,40.09231364
979,1982,3005,17278.32063,-121.9460851,40.12377581
980,1927,3001,2356.304231,-122.0195958,40.14014464
981,1875,3000,4714.553924,-121.9930166,40.15472243
982,1828,2997,1283.479422,-122.0607847,40.16521942
983,1785,2992,22471.84194,-121.9611043,40.18615293
984,1738,2992,1701.677524,-122.0809961,40.19772129
985,1591,2975,18891.38296,-122.0378869,40.2476148
986,1542,2975,195.909434,-122.1188822,40.23013355
987,1486,2975,199.4652556,-122.1103334,40.23949704
988,1429,2975,253.316827,-122.1047226,40.24757908
989,1368,2954,212.8952306,-122.0934319,40.26608831
990,1306,2939,527.1051131,-122.0824248,40.27409771
991,1243,2938,699.1210065,-122.0687368,40.28371635
992,1179,2936,1135.81811,-122.0432211,40.29015935
993,1180,2934,6213.402507,-121.9748102,40.28626803
994,1181,2930,275.7071779,-122.0221721,40.30452761
995,991,2932,1161.14125,-121.9857784,40.33835124
996,935,2932,1854.499917,-121.9825647,40.3490254
997,879,2905,2173.359701,-122.0013377,40.36295327
998,446,2754,706.588846,-122.0514345,40.44151555
999,401,2754,8190.743996,-122.0012832,40.46837468
1000,358,2752,383.4299564,-122.0808939,40.47889217
1001,315,2752,11179.22133,-122.0201621,40.49175255
1002,273,2752,394.1288496,-122.0992811,40.513906
1003,235,2752,47676.58495,-121.8794448,40.54387282
1004,198,2721,179.1780079,-122.1214725,40.53820839
1005,87,2728,33448.87716,-121.9603958,40.66865166
1006,60,2728,1268.398045,-122.1086431,40.60760689
1007,61,2732,20214.51812,-122.0408949,40.67513137
1008,62,2732,3496.392132,-122.1151707,40.65032594
1009,39,2732,1942.382052,-122.1437922,40.65776632
1010,19,2732,62110.70173,-122.0057664,40.74003336
1011,7,2732,3357.977807,-122.2174106,40.67355192
1012,6,2732,6535.456827,-122.2380272,40.6988824
1013,5,2715,1484.899383,-122.2643276,40.69192999
1014,4,2715,5161.094008,-122.2931703,40.7028428
1015,3,2715,286.5529461,-122.3178219,40.67370102
1016,2,2715,10767.19943,-122.3339527,40.70751057
1017,1,2705,12326.47592,-122.3870936,40.67076722
1018,8,2705,1249.180988,-122.395644,40.62877216
1019,5619,3491,423.3918103,-121.8908065,39.21969805
1020,5712,3491,1116.364059,-121.8600703,39.2185801
1021,5716,3489,1999.942229,-121.8371041,39.22935467
1022,5717,3482,897.6811507,-121.8154324,39.23737288
1023,5718,3873,944.649225,-121.8000768,39.23825985
1024,5802,3873,288.7893408,-121.782392,39.23517846
1025,5885,3873,1293.738142,-121.7847088,39.22093513
1026,5886,3870,84.8522814,-121.7689545,39.19813073
1027,5976,3870,3696.237241,-121.7956983,39.20023738
1028,6070,3870,59.09293025,-121.8013634,39.18236139
1029,6069,3870,486.9384427,-121.8217878,39.1902933
1030,5975,3855,2441.163108,-121.8401431,39.20015551
1031,5884,3497,626.4947521,-121.8684973,39.20024932
1032,5801,3496,1090.398737,-121.8788252,39.20813161
1033,5715,3496,246.5277726,-121.891205,39.21262266
