"r.timeseries","r.timeseries.1","r.timeseries.2"
345.709225106839,180.468241820254,279.720057472074
82.1208265555532,53.9193488007574,89.0592266356258
93.9597824330188,52.6230065734876,74.9344756778127
55.0277915212601,30.8245854460598,58.0587919909481
79.411293379393,20.9945539734155,45.0672917739514
1.45483958837225,0.317157808942798,0.424580190325823
7.41456750421031,4.39512305808429,4.03832324888844
4.56499267332485,1.52611978714214,1.72988023040606
87.5884813745989,27.5271038325183,48.6422734894893
3.58893295205196,7.9659190512493,6.55265023369439
45.9183745995266,30.075846693892,38.6941632793694
118.374031344922,31.69818769862,63.0206933240894
368.036153295766,167.356542173021,301.929763665893
25.3844329670357,6.59975797210153,12.5059867393945
150.067103201301,72.2001549025978,115.091199707303
198.345595112764,91.0250265388456,171.388690393593
119.378232031501,27.0829124920807,55.9238930843304
4.60969862629781,5.51872894187633,0.930735596583435
6.35916910909776,14.8435838227838,9.67147285735421
11.3934858189022,8.45971504458049,8.70739162871934
27.494272554821,10.7502935353574,15.2894857037869
36.9268350076348,31.1776500407146,33.7291844024532
228.219081012717,66.7927750990571,138.682702494122
158.153205608831,43.0187960170081,81.483848700225
95.9139281222695,87.9814091383777,96.9337132276463
224.065650599499,101.18751923802,177.532044755736
182.079936420781,76.325644676352,127.049137226141
41.0342727095961,10.2147387531552,20.5254906677281
16.1275645451362,7.59343295103559,9.37957894601712
38.9011681854861,5.20387449961077,12.9102660503153
1.12062631674362,1.20407767684161,1.14093991098634
1.49663524108828,0.979855275282228,0.968042685240158
16.7442773445133,3.56079149826636,6.24645544922243
61.4448524149932,40.7055997326056,57.0690468726097
90.5406810002141,17.6922456837005,49.7107430292263
96.4705734156908,35.6109798980002,67.9775469618322
36.6841894533869,25.6056684457369,30.1786775968404
156.641799563183,44.6137097216659,95.3155950646688
40.6665831142487,16.8885744248661,28.4044844806812
20.435943933919,7.28764348777421,13.0559170937873
77.8572244936596,28.0771582625678,44.6592001403164
24.9435180794713,4.97355805461835,10.5127256579942
0.56792356948559,0.388819705451755,0.259750932708735
2.31818397864508,1.17149632100852,1.17387401465232
15.0418661252423,11.5444975388581,15.6741160494729
37.2218965588227,11.676032285941,29.1482395313609
70.2397592307774,17.0752420378497,38.4739916556817
52.5042681709307,28.5127064341516,46.0262796897588
195.838871028385,88.9885846244831,142.727756783224
44.6706358810267,10.4290764430625,20.8790265183967
247.94188992568,128.983769476073,231.70231329629
28.915942346752,14.5594088271419,24.0477745409482
48.1874345619018,16.6743004992429,35.0090053782046
19.1502494204201,11.4204329561232,12.8964106989164
0.345757894680033,0.783466067844638,0.210330294451284
12.6023780278349,5.58171504468239,7.80320761399614
2.88257345759006,0.148039247708188,2.84915955420577
181.179803257403,61.4026602453027,148.855182910133
177.049285534699,58.9038212769166,119.033458708926
163.727955979232,58.0375937171774,115.855480013079
133.875375923576,56.896914096904,97.3526507653095
64.2996924473094,13.7908560868673,32.2747227526335
119.726583402271,45.9993794042364,80.808945300912
75.0805487211563,46.0247313588346,66.9709929692711
47.4352791862575,35.5091664223815,37.5505109922154
20.6404423335528,1.60238552577305,3.29789307328996
1.38759267762563,2.13383074480999,1.36190261020705
3.75948123740463,0.242481192719734,0.532082469633696
18.9277240273472,4.90703475129725,9.65241318857884
133.701578890977,26.2855592990882,85.3232449489266
138.510961988698,122.045872590041,156.822183152921
96.123877367766,21.8683025358815,50.6656382204189
227.304087505733,117.013116125386,174.86904257321
195.885024684845,117.334373271378,171.456836351062
50.3150901725691,19.6719681136645,35.6680202803274
100.465162168542,43.3245466201553,79.4489246226918
26.0320544616036,39.3223066267573,33.708679650564
1.14265858079664,0.113543745314109,0.213266473313677
0.0262675057061164,0.12269705647917,0.387627434440905
7.76042951232438,4.72818478853311,3.5561077514705
62.4905862673469,17.9116884724241,38.1610277166418
65.7099915131279,23.7670539746476,48.0344422121439
108.821353722055,33.339686398073,76.427454217657
93.8077541805241,21.6353753058087,50.5922399362834
42.1470224347758,21.1422326184645,30.5814198040636
370.833735880208,132.225104201746,227.369014866462
118.66926522986,67.8162110103317,97.2267476203182
90.8216784595079,39.7325486591968,60.0527041202455
46.7194217858653,12.1134905916843,26.0701400827581
2.43935492035983,0.463781683749581,1.75224491896539
5.14428352165991,1.63943172785088,1.1094620801817
5.17831830919496,0.908241620177166,1.24797844760137
2.61255789534953,0.391558870766607,0.458458349992256
89.132047424491,21.4366770405517,61.0133907745549
155.717089048076,53.0045000148034,87.2284201777332
156.21451809008,44.7027915300937,81.1650857370906
220.734504437828,88.8572599901494,169.490678991167
57.3964174126597,32.3889492789157,46.7498388278549
202.150586626677,119.405260917308,201.350216544223
23.39956110113,27.992622240196,21.4727157192746
20.4688562992674,2.90710629161556,5.57638127437993
12.8025196935797,1.61610956832704,0.863493164987234
0.79915652223527,0.020153720423203,0
2.06021281552269,0.0979059688439566,0.0575076663597239
5.49378901592318,1.10519910270698,0.802639452114329
26.8348004403468,4.35456664247716,15.2987770464241
295.739561508668,54.2033582632002,145.795280675727
76.5501656736335,14.7067743316962,38.1598780920433
64.6787146825812,26.4186619066939,50.9243323864208
380.756168451026,136.785144820724,267.033703644741
336.384959320837,126.936954582508,251.758173120106
88.5490400484552,41.0426590393921,67.6289476773277
10.5349665911956,5.09801349035807,7.83206506329637
1.97480297440008,0.00868969742822303,0.0036179029819962
5.50185079981596,1.83524979802219,1.26194695608258
4.91378443871411,8.34769787281633,6.2406477462289
105.02515668959,54.6848409691504,89.3339079972673
118.862133898179,36.0851586289165,94.9400772864622
65.8847434664755,11.0541193702904,32.9139196067443
147.75986691656,48.3990649139891,75.5287823983361
155.771981714192,58.4021545715831,88.1517045803204
97.6396841961405,82.4517460968878,90.7637609394072
175.518401032891,118.74821425537,139.526226283997
47.4603839504364,22.2667121954478,36.567687936507
64.2596128241148,48.4349848547629,71.2794877584673
10.9007688817905,0.897295991911693,0.512806050275625
0.156332494253351,0.0394337690408792,0.00493949445895079
3.25535560887591,0.879656173197251,2.05329050884685
9.56004896326325,2.42175879004004,3.96723373626446
4.88777254255178,0.299786589856968,0.14151844187048
52.7204839702056,44.4426500760232,49.9760634524665
62.0727338710148,20.0652878044671,37.4364479853808
312.729706501906,134.442627479868,253.174988083063
169.487162548563,75.0298851540317,128.188466299336
292.564778774445,205.558904608838,303.169474225888
48.9515132830114,48.5557526594678,66.7136460741773
135.184983301054,68.829721952206,101.768996239894
55.3308272070416,6.90341783584988,20.8046332357585
2.93978558594989,5.14686753400079,3.53400247907914
1.93844347802967,3.46440883009418,3.98808122859966
11.8191100666451,1.53132420224964,5.02514670676729
2.51333867025208,0.201464022761955,0.848403646926103
66.6663219657042,25.640615731892,41.8580000180206
277.182321045655,136.84944246406,240.403322440383
212.415047403331,149.360028426762,187.685373362396
150.673194365689,52.2859725655831,97.8552867851463
404.141504100913,158.78064050074,332.743855589809
44.9131670910379,29.4647375419555,32.2651835928057
36.1178322950408,9.69376737617591,19.4826361439878
54.8174690801983,14.3503761200826,38.9897235757997
2.80505537500203,2.49607237065659,3.93159221290159
7.01704233264672,0.207084628137496,1.14709531420394
8.54073799410196,0.499512264779457,1.16664276993727
29.4042800909867,35.6589893534451,26.2589689223933
9.95825743486879,0.963340146461331,4.00707832881429
200.639714529531,78.2215907879765,140.898230383122
137.850605938909,72.085147570706,101.986561166168
120.315388827248,80.8226757852737,69.3895636225359
49.078633915205,19.6960657907898,36.7426987154771
24.2007258569544,14.3074767120725,15.2402113562938
80.5109279138818,28.7196529104336,52.3434666545866
14.5929723230506,0.81068928978852,2.73336634777715
1.51954874254124,1.44632052486533,1.42615830794809
0.512707779796083,0.79024857077641,0.192477829394879
8.02560091572297,21.2709991891167,13.6246614247239
58.6912498814913,15.9557530633375,37.2288566159289
69.2088144269633,29.9547927225601,43.9681202093694
73.2286581275119,23.8202330412401,43.1580327567944
583.899089757365,252.154565847027,417.61558368618
252.536875789389,141.07069496317,182.668147115948
93.9403791600016,78.8776606951984,83.3568085078822
4.62319198644995,2.03275102028396,3.37708164185625
16.6217139558821,1.76335118570349,6.57755242588144
11.070749886442,3.25228944656953,6.87771238303519
1.54789496696572,0.379181522743046,0.0029436386329976
0.577297711681848,2.64637244031815,0.0479817656968333
25.2777281700064,1.70796238771746,4.63656278315804
62.055612071537,19.9457076961298,45.8043501710576
161.582210520694,76.4908192842005,116.58573642609
172.582664338729,153.241244447542,198.126562286895
139.656505749264,71.0996561468208,123.899740227811
101.559880745493,21.1740057361658,53.5747707736873
96.0124994949563,54.0657538930997,86.0628421687013
21.4381043546698,16.4964901982908,22.9428317462148
13.9642881052913,1.04235036799276,4.54532241660329
4.30934164996525,0.00779885532888824,0.0271902196313854
6.44395308300605,6.64122977234897,6.73445131379256
0.00121487413862831,0.0590359771566904,0.00286199760820502
23.6781071029926,14.0221843840048,23.9632784940867
27.0854716269662,20.5817498154847,28.4890948845744
94.0727009085253,20.0109767100895,31.9936721800448
81.3031979576128,30.4433479158974,46.6357762148605
419.220327209717,205.49427943101,454.165653990751
96.7698688424152,68.4707412345431,85.1373282423466
178.413151778564,117.813323438899,190.059547805312
72.6143557967529,35.065223195303,59.6910837013792
35.3335194638487,5.41394275778162,15.8761019363912
13.5419366099132,1.30140555719103,2.92829631388148
4.56616681818184,4.59064021502107,5.54718773276506
0.0195192218785072,0.00189901882873388,0
13.5987350042226,5.81328741309603,4.19519601828193
21.2985835229859,4.16776982946047,11.4298222134937
36.6239611123862,15.6411189550726,26.7643431648895
54.0554379716345,38.4595751922246,48.245869864382
130.302168209145,33.7762432565303,76.6085271657477
28.6185381983594,4.34049427916595,6.93179569596937
120.546783562056,101.814327450532,112.89031613125
92.9218807460514,64.3764239285485,83.3702738548876
84.1775059165344,18.6062379133029,42.4062125788553
26.3146244717975,2.15717334610175,11.6827277148863
3.76278604325834,2.65773794311851,2.68686738178272
4.29211624624968,0.331911692286911,0.448770409668775
77.9754627157949,7.77836957771316,35.1906033892127
34.6574782552108,8.06531765569408,17.7252648226371
114.694290575119,20.8864856747497,49.1070621714769
63.3341128531255,12.6218422022813,28.7823655569047
167.971613302165,65.9525437635763,114.915828745147
18.0942915371715,57.8797776147339,25.0448644904059
71.9609224446033,35.5238977574171,54.1686436202187
61.8838018403173,20.4390784937606,36.828054686972
42.5445656601843,24.0532845892126,34.8442167352454
38.0305894350873,14.9562130218961,19.5440376969889
31.8248123317958,21.6649460429316,22.499100676453
8.57731509397016,14.5904807780261,7.13843347240222
1.51297070936775,0.218281685152079,0.0828532945488028
3.18469336794951,0.172117743131309,0.183198507729745
162.448621629414,69.4566246568426,102.254397441676
255.427535098532,73.9628962347572,144.460853669933
382.209990521045,242.201444920612,356.842646725683
157.914370708116,57.3270310128941,103.292393304577
31.8549714230527,14.8430633577796,21.2866788232569
70.4826802591983,33.3894084006463,60.6713158263243
32.7068844212547,9.59135607053287,18.7198872762875
46.9903487443378,8.61830663087588,18.8252697946032
1.02713341004869,0.968087081756157,0.743535847375658
0.827378719755383,0.428366310198329,0.673229589234494
11.4532867162315,4.12256909899692,5.94373518617386
64.387709768304,12.1731377843591,35.7727281520636
26.0083306703796,2.46949264023811,10.1222959018146
117.348052542051,65.636105047711,110.65040859028
208.523633145522,96.6651982808834,153.8217732935
316.66323259777,142.374916500862,217.615839836857
85.5820803607356,26.0888720313156,44.9450227727151
40.4588173979753,67.9210666428798,45.1373995434334
159.242886505302,73.5752096605028,126.092489565847
1.64094256378204,2.37121828546167e-05,0.000570244494890443
6.48106590119519,0.819580132093734,0.67326854329716
1.32424897006361,0.437217905980939,0.186089514759489
1.25952585749451,1.26352371240253,1.89917157295631
6.713091989781,0.0232497959010602,0.0740642353438437
71.3093812842118,13.2991259186491,24.941491931331
184.227380426088,77.3661831787933,130.688657774058
388.848434308574,255.685202025431,356.645807935744
117.841230633603,55.9400454174273,102.26042764255
88.8510272523631,69.8560290434082,101.255695410996
19.9908045839117,15.9478348302118,16.4927795292107
34.2596706908273,8.71751144871809,12.9558159792593
14.0974732383125,0.0407424366697692,0.0762022375297056
17.7826507951727,1.31627187281129,0.718375466486419
6.02470618374222,4.39039166055838,4.72842395600927
9.0454796254048,11.081338103582,13.3122701925506
41.5493508234177,55.2016888759171,69.7904823983402
74.6852368403672,18.8243998267177,41.3352121899743
156.278077364732,95.6880883230894,147.186168689625
76.0315088667095,48.5831218315555,48.1751632808997
206.622191485442,84.6507518443218,181.425521819759
56.6300459540954,24.4536582126251,46.3831495837557
73.9716156141709,17.1005094122638,33.5954193707526
31.6303812125904,15.7805923933098,19.2008992991097
1.19381121282737,0.0140842190352634,0.00528263573869028
4.4898306591347,7.52722363295398,7.69154785879839
2.89280869620551,1.30064350053913,0.949866971318626
11.6902661307316,1.37839860936892,4.64315996294562
0.0132734554098627,0.175273098875974,0.00518483223447208
64.0219556157049,15.5771700739373,20.4556738580355
60.5859780502538,7.96967701485937,32.1406340606069
46.3067194589488,14.8904464597694,23.1240650652061
171.783143632308,117.10192428645,187.105979325017
163.093003728242,135.651168079329,198.802452669171
35.5241865266106,6.30428250613707,19.0785271339134
15.3875647645804,8.20619337753175,13.8594538113861
3.09070297235664,2.42738675731868,1.07657190302916
1.2702624727393,4.07804905845815,5.13388645532324
3.89087551671868,2.13350858395218,0.760485288362699
95.4082574093642,33.6816864196921,78.977611221617
52.7013454935302,15.0296455505727,27.9835258972977
84.7916691075201,58.7447378933673,82.415423956443
52.9161168995384,44.3068290719807,52.5066249956494
106.264644683388,17.0809427673376,42.5567037208516
286.980341518062,107.509368434073,206.332604151764
114.314763624772,71.8228757028588,92.7932067796792
38.6702084561405,4.99149796102206,8.7074405377288
5.36073203888291,16.1483785770316,7.52084997894389
0.659999541878259,0.0327035975222722,0
1.28058260560304,2.5468160263583,2.48140074494691
0.103039359531602,0.0726112014955677,0.00522213009080143
33.2163018246264,18.8464865276098,27.7237617213648
21.3728940519977,9.6836189645173,10.8428433328502
31.0636487298481,13.2822330434695,9.85601243363638
129.125109500143,57.2461418797272,105.560722747088
17.5993986203989,20.9305539704305,22.5706867085321
49.2517959039053,65.9169280659636,62.6803667860509
160.644490176971,135.143853253843,177.76610065623
105.503120670275,52.2687192030864,83.6734024060499
7.02576155469905,0.750197874017329,1.51342644029712
22.0570338578464,6.00067212822962,12.7606995591251
4.61826590528819,0.587590351319078,1.1539506809428
12.2720801025845,7.48539982255648,10.7323008720593
19.6971597257292,1.11902943430629,4.13851471277719
77.8038983736758,27.9634431759939,83.851340249224
241.829159007302,39.6361864198856,98.0362984886122
219.12624774121,62.046305025199,137.861805347896
241.38526401738,97.2036414540214,173.86616787869
76.2900897124277,41.8789844731279,56.6036386240877
94.7909113413136,42.369247765872,67.8760302603319
21.6169196778086,12.2883769516667,13.8688839589517
58.0151086626118,55.0650838226543,47.5159788353039
13.8576999889731,2.8361189716827,4.62424824550468
0.00892700215485118,0.994099754309413,0.957559471992198
0.135889931102294,1.33605805229568,0.0499527555330932
7.45382609356219,6.94453475409297,7.85400331739848
29.3089093670965,7.30132297180952,11.3635399895567
66.9690487735059,11.9330163503834,26.6846257710526
191.101355727259,153.274784478172,209.225803440061
63.6678223980919,87.2609877863188,97.7689279065407
235.856735334244,95.8329628697206,195.854133286616
116.511043307001,67.47611657499,110.269625266162
25.6558617974855,13.9572314117248,19.259596754889
48.0026594542257,24.7203156273578,41.4980779194111
15.883613501248,6.38443989875205,8.13880770567572
2.47883363466764,3.60032952535802,5.25751014826124
3.64330892244197,1.60378577223995,0.425790303430844
2.01441922205366,0.325844235858748,0.111118524308163
67.5037149058327,15.9208094736444,31.424154567758
109.22983337027,51.2074566813443,106.268155028797
244.74010124643,98.5515701991071,200.496320372738
107.779606606595,60.5960879532509,113.209479109459
34.4134695668515,17.3373581324068,28.9985677463802
10.3222608759137,8.70654784144494,8.87672067738253
126.154167996282,96.8589673116377,139.2234827904
21.6483672851688,6.80320441883424,16.9741520784233
42.6139913270548,5.74244725583033,11.8392188096296
5.4704665908652,0.96224243615987,1.11319560820795
7.27135743910334,1.62053106784185,1.76566182954031
56.1531395918717,20.0092289406535,42.0692656639943
37.3104583574378,12.3847902574602,20.9274285067872
21.7820585808438,9.04417947966446,12.8018827277301
55.0393258044594,16.6219239509798,40.1348810693904
67.810668436177,24.3390931885405,58.3660749410921
95.5249176291096,17.7514243751691,36.8607352012132
51.825901823022,77.1196541719912,76.317771630222
19.027151960461,24.30113614512,22.3159254006316
2.2902292891628,2.0229660624164,4.55498590614619
3.34512242767968,0.00086631236051705,0.00176750935151535
0.433556521652283,0.0796884716681558,0.0027289680869427
5.52983798278001,0.119926410415414,0.126271860984577
7.90879747763855,0.504452166314633,1.76141442206387
126.448728538705,36.4522730966182,83.4359937502643
83.7726048301505,39.3217433036982,58.504309162973
146.187410359415,77.8254930031465,118.326145023515
61.5160439228848,26.1985879045769,41.5080281422438
267.48979229436,74.329075604799,171.607608004324
75.6415860601639,65.7755409257878,80.7365880421569
96.7954904717766,54.337211762114,86.4171666233459
62.1937112022592,24.5901999060287,47.7615059644317
25.1300180815203,10.4710408745961,11.8928035865293
4.78331258694622,7.27359607257891,5.54878905285833
11.4513556095694,3.35206418565607,5.19361831321655
49.8944560739043,2.18756050780022,9.23048613007596
28.218869805283,22.2465899433158,31.7664662046989
75.2273876225103,17.6879325234685,37.6580041331273
59.0407119150838,32.2733642760594,48.8488922676406
130.636300735997,37.985359757237,83.5814930737587
209.351970691375,84.1726795434952,163.519361835073
7.41518535743749,18.6234051426804,13.3333265578673
149.435761569567,97.7641737665783,123.28985118115
35.2098329618138,7.92963245332063,14.232085381161
0.516813500504168,2.13922608622691,3.21509242271555
2.34375194452234,1.38591537267841,2.5985238285953
4.05052242512664,0.16148446434531,0.0231620387145339
1.16632700024428,0,2.32076260789617e-05
57.5735208167637,7.29090596623598,21.0436813055055
297.843237388489,125.349311108874,194.007214653309
65.9913327025058,36.2198985884254,43.7472693087202
144.167696635865,48.8560547542104,93.0924682688328
266.947735201139,129.399048681251,192.567779490427
85.0170398703429,54.4833871493648,64.6489424201595
87.7487421144883,33.9382587702471,79.9900331700732
38.3164167068643,9.78255560697085,14.7240165757475
20.4410386681284,3.16710343141012,11.2836158396517
1.10448077908883,1.10967825239415,1.0673535013601
1.06827597265069,0.130172118275957,0.168991711662769
9.34876317074866,1.62464881259742,3.57536593370822
50.7257700066817,54.0003806080666,77.4703721541663
182.124870648591,48.8588037467451,87.0534123817124
93.1667015839496,45.8810760825751,77.7857823931129
77.5462036272481,20.0255433298618,45.1136754716376
82.6828117361876,38.8560764538101,65.8190849516039
227.722231380017,69.7663478798439,174.07473054942
62.4872608581997,21.1497052443364,47.5810770316584
7.75472517184747,22.0012722658702,11.60412763995
8.77930686663854,0.334672935968966,2.94814795146719
0.288243020080202,0.00960220777562333,0.270216328839332
0.827913959150376,0.0156500410822674,0.00299668461979794
5.06799084790505,0,0.000194778285729184
16.2313972568318,1.48472240377616,3.66857024750392
116.911050247,53.7778847285791,81.9283580297857
109.528851964326,60.001852065934,81.8869341689425
52.1508123731722,36.5892289603039,52.6271404637077
80.3148128243278,32.2628855419666,58.7661620542018
63.9684682191373,65.6235904405084,84.9254579302981
72.647508950419,43.2779644888537,67.9797641326914
3.83032128206221,1.42010425294105,4.73849066512403
61.1197466608043,25.4105371903941,51.2540583904976
0.00396864988113321,0.359637367283813,0.58052921424154
0.035940732436017,0.517033932167897,0.357729381707104
0.198770480339114,4.25592600673841,5.4060298389751
11.3458636156491,0.0055686835936257,1.65289722267263
0.0147794052200324,0,0
277.946699281252,12.8129525679972,75.4644422120095
162.899667499813,94.2194440206932,150.19093395475
105.228807335424,59.0374272581211,94.337007918597
92.6084753075781,61.9625319233705,90.5539796515416
69.0231821431175,21.8428250045473,51.7047189737424
42.4938597461452,38.7703830883918,33.1426891891283
1.74975308871312,0.207753474571501,0.307117696159803
0.215985125841176,0.0681852005122367,0.0518615832777618
1.69463936083159,0.997038428818391,2.27249232776173
35.9286679450653,9.74681193174323,15.835616239858
14.0641851291498,3.23555927479088,12.3543008616961
72.3839934065358,52.6610526607744,76.3363398553127
24.272937060379,0.658529436515126,5.07292292342867
133.001537854721,76.8955727465701,104.770600859179
68.6831384444946,48.4320164077709,64.0866190929705
68.5315283470896,14.16161160153,38.5685453778523
25.9728519469022,29.8045645820636,29.7970439649646
36.4927400356572,20.4430404830696,37.6607762066793
37.4138668418203,19.8565674589875,17.8931330104018
0.0208050341834474,0.589722812513574,0.243490260808093
0.169860869321308,8.07362591873193,2.76993577019437
8.94337184928785,2.04154578869872,3.99883132095416
64.2871345253006,2.87910303252369,16.8992946565283
83.3857080140976,59.8507686842687,86.1912560310791
252.435146769124,165.413563453069,250.804664077474
98.4564394146681,76.2552076622003,107.271188029302
62.3555455316941,102.697615313121,138.272074461082
49.2143432561538,18.7286733660825,24.5114894255137
74.5077354362409,25.5100903631183,36.6100314532974
70.0405540080038,24.6902428687971,39.1702076534093
8.86068375575235,2.01576001398085,4.65861708123027
1.23167848987904,0.0487514304886979,1.25339079915505
0.0880450801640691,0.00545666397047379,0.105518026417671
0.126432494068725,6.62215003613174,2.30388189232289
7.51957917800424,2.66572362776905,0.507187733577504
43.4586741369934,4.7616807084259,13.6305519897665
91.759734572535,46.6689309067933,69.8101516775802
167.07770377864,162.150770918814,176.658455889402
36.4661979003684,12.2980494718126,29.8113754596939
119.393339175218,34.6397407977927,81.4820236145981
20.1796103083367,10.0524742462013,13.153041864624
70.2542398433425,33.2410915919434,58.1535040005282
4.89601372663636,10.8894080096157,5.88300620938282
1.19658192130239,0.790666394893846,0.469430585450485
1.57199725430329,1.33941536856049,1.15988976715099
9.90303661612729,0,2.10306879565059
70.5182174118487,14.38415863184,42.7346729705372
4.90098787418445,2.29834096525119,2.74980646419976
214.608187395703,73.3817842049076,157.046274358289
73.7696373262995,42.1317689998817,59.817011992466
127.555991785586,61.0978826415997,118.956330281592
47.0183352393742,4.64394235514251,8.81084872315734
36.5241842423206,0.234548650341817,5.28196146220211
38.5833231049762,16.4550163473053,26.6460315001441
32.0390288292952,13.8385576483303,18.3192038939694
0.190844393468321,0.211219133948755,0.082510567271329
2.90100915230327,0.689656580913315,2.18059262124116
14.668207562848,3.89326778019575,16.070399883804
54.3267624692834,28.4903920704677,41.2205905522047
168.599253081402,76.6667910869845,109.146709510117
92.4497822122116,63.4220425300879,85.6388059806587
183.256903295713,103.527726040058,165.700588947206
75.4426922525367,53.2387146610563,50.3894885636641
139.120898887931,86.464594497899,125.521845846417
185.522899082978,97.1780162508724,186.653656876932
19.2977290528906,5.49341046320697,8.18682552518927
1.00344027315519,0,0.00508246994224194
3.6542224246459,1.03171668040122,1.74190053767519
2.18417803271017,6.96688633595313,5.68622959120166
5.08407665723948,0.736334013991943,0.246614172748387
52.7606485268617,20.4711291868048,42.6606954075813
36.86470458142,17.4425699173771,33.4084479762369
102.030736356251,41.2022096830026,57.7464649743477
251.449302557677,47.2845110971228,151.846538984968
278.402122500177,219.415446210473,350.244952749228
52.0500897361703,44.6500609312892,52.375438869617
70.3840453339932,36.2579288293569,52.7736568664348
34.5402238266419,7.92120196405151,15.671223367449
46.8839979492554,8.49062508920616,24.8665988475255
2.86113134916076,5.71471914128863,5.3915590563327
2.11573592740909,2.08877146440261,1.4566087866276
11.5266313459049,0.171202780686341,4.74185826354037
5.11331762004118,43.9347056757692,30.7523651248036
2.07922265477592,1.88837571790464,3.34827600350893
94.805527220056,136.191919888226,157.378186364615
128.402196935658,78.6690650364462,121.524086621407
226.04925091654,142.45357846434,216.285796899396
184.807107864747,104.194878898677,154.515977196312
69.3237853422318,26.7962669514284,45.7378367620833
11.4537748249503,0.555185200031555,2.29215665169831
52.7513370808529,0.182189696774301,6.88542726718726
3.84615217291133,2.43584178357306,4.06391710853104
0.020259496673395,0.0447910872272057,0.00850062164029518
2.34182631534453,1.44538021046563,2.16782677746549
68.5836634232196,3.95644971910054,15.9152535965587
217.940705778179,12.5287857641525,56.181671406291
198.053602500584,126.969862321119,177.947547104761
123.722296508772,70.6107257272217,109.898786972432
340.391675343284,156.212994593435,291.440595629202
257.088716947787,183.792329281349,247.197210673124
67.4839656825469,61.7230633408538,66.5267745056342
17.8746956509638,10.288878584112,16.1770256785062
6.84288695678824,5.39619337669347,7.80460463996471
6.97924874405794,3.09829068456299,6.21631992203788
0.0401533180609339,1.95699509154858,0.366840860830962
20.673100223353,7.04866639878747,12.4212523786744
67.4732787252291,23.7235445373144,57.7541152003194
55.2952180849333,13.2413049933384,29.8298408903129
52.0324732216327,51.8988005052506,39.488578963171
91.1574331689481,64.6850662270434,86.6686635031228
54.2781172078043,54.0460764314928,77.9178466180326
96.6760165002853,71.2085245784345,87.4244327157847
8.0993913078939,22.5481197972426,15.9724210512574
57.6157313536725,14.3946218186696,33.7487438904809
5.70069222174336,2.95768683480305,3.61701076962069
4.96432219332532,0.666408012473848,0.844665976039132
0.653336841930706,2.55437530596292,0.64337505063908
23.0713100549831,32.400762045689,38.5626771824517
43.3260537706196,23.7493295022823,49.5555838434419
10.7060528634524,2.64673916536518,9.36673848749336
119.269192688852,16.9110911662278,27.8550551363506
297.369262989489,191.613960012684,284.904216600364
324.448865344923,142.003870351921,214.790387570586
198.153022403848,51.0773462906102,126.281666467558
42.87983182475,36.8132363233231,33.4002871839426
35.6461537652485,0.413609565887,5.7317223327331
6.12053615868766,0.538481603439677,1.2254140082059
0.313247826644507,0.0229047424583913,0.00121135515933937
0.131812585381928,0,0.0193804394493518
26.612779167901,0.734652492861859,3.14787194972114
65.3245224418029,42.6409648287423,38.1394654286634
75.0908222023901,6.39497506311384,19.5230675358719
314.019602779502,156.034415280146,259.920511750823
245.361587227618,84.9599301236044,135.801069657238
228.602043667756,139.120755102824,182.282580265404
121.746230439245,86.5856459782149,102.337685937166
136.655083281388,89.2044651931363,114.685472037058
78.6778426045957,8.92877186617459,21.1758843914795
27.9762645003969,1.34570768849875,3.765007042085
5.4473183071273,0.382660669542964,0.494614587123153
8.17663959135068,4.85440351433131,2.61949689051114
9.18419176400373,0.261519624219974,2.1603215938924
40.0880727479878,28.8302461354341,32.6578528751637
81.6317510059278,19.8285866873438,44.6303389569412
311.110509379232,153.140944802946,238.231499271575
188.952973490176,60.4133000668208,134.110366737502
195.59775268415,38.0585310667729,95.9705864463265
52.7193780375291,41.089007785061,61.0195971661665
161.191109572177,67.3767783717844,127.602626683156
103.043747806126,21.5445335275424,68.5639618787833
6.27655286341208,0.00178659034892726,0.0145694155850916
0.0114924484952055,0.0420102207379919,0.0332055532415847
1.46935263236447,3.4325347481729,0.60920099480375
3.25075354673559,0.293803761751235,1.38135225998065
14.0585984010329,5.69041455521299,9.7446618263509
162.621694334366,42.3303855448589,133.681273944537
152.885056690766,61.4480580722126,89.966001206298
263.495926325818,151.794959002017,204.830671322282
74.1221100198322,58.048897420395,77.0893662259434
143.421574275281,141.055671030639,180.299832606088
81.5611057176743,48.4862215922489,52.2081915088279
17.9234500995634,5.0135981262403,8.61720639050209
38.7899599397128,1.72373629954681,9.22559180571684
4.02837940864958,0.366992230519298,1.94892913776185
0.117161556487254,0.00164636139952496,0.000138002487393139
0.288647826394099,0.208884709080666,0.672201408811841
37.5899663501801,12.3895776669174,24.8811876915868
42.4766475881537,13.2367947553014,24.4285213458207
60.3178925075575,60.9172383672569,60.774170756587
116.695861069616,60.759646374382,104.872139245803
169.745328846021,121.998096037184,162.934294193551
70.8453951394803,34.5551623067501,56.6475142872388
75.7330615486651,41.6731124216674,71.6376353088771
31.3029759811864,13.4209709916316,20.5652693737803
43.9612546897862,4.78711611064536,9.66626109150756
7.31156109707285,0.00105682749282919,0.529497305670253
1.53007688819427,0,0
4.59365697772702,0.491343008384481,3.38442561110812
49.2440764025638,9.48901717822349,38.5802805653954
182.034041439205,103.146485721685,157.425498086587
120.032670667242,42.1567612261628,83.4825412419837
40.0467928861317,11.687461157688,17.0230053942627
191.397030808997,133.365955786342,188.137772230898
123.698389663958,99.581183630038,141.941193822109
21.309705247156,14.7274137411879,19.0471355080855
83.427325870898,16.0840564104053,34.1632469742255
25.2458311134488,11.2054967432231,16.8529846582154
2.35556155341103,0.721159035262944,3.18219808495906
1.12454507888571,4.8009153661906,2.72153335600835
3.0055258563793,3.898854044907,5.42496311953767
119.979131781537,44.6378008684757,96.570741845521
156.329969592062,36.0509018595113,90.624089145779
287.08812870401,102.605349559815,194.437892483025
62.4785254415167,23.8965560098499,36.3531885522557
77.1675604080445,44.7395208269869,66.1386772306737
84.4685173344558,81.64385634997,108.589933393805
12.915546221632,8.42637080794527,8.12837835077471
25.3797684354149,18.7024448128327,34.1974426416554
3.25999885257123,0,0
12.4650370704255,5.5803703996063,5.66765933151146
0.229426773862265,0.620949713591547,0.440889764709438
7.8065610963693,1.18642313672337,6.06431330229749
28.1031787466403,31.0715895001263,39.4754368335339
143.680741726943,98.2823413940891,139.51363958603
93.1045830157038,79.0714588001529,90.5010083400507
32.2979679538674,14.7345339248927,27.8165151433632
100.287614877164,28.2750682823987,51.618860785812
157.495758200674,33.1372305997941,84.7912300242658
34.2127688990305,17.4245024383409,24.3909602268968
20.5751711689686,12.2297996753293,16.4393725881328
68.7730840054475,0.242040882507659,9.70650060949522
2.51429153351202,0,0
4.64411372897922,0.694427230840572,0.339347699161461
2.96544096091449,2.37097260651657,3.83157231483317
147.157020572339,20.0986512513022,78.2484434173654
37.7090057286845,12.4829554470976,30.5981724063638
36.8959947387161,22.991269837611,25.5671197541067
115.014827274811,2.84071913241436,30.2272756026893
56.8548400108547,41.7708932585338,68.4464695788596
154.563123817793,88.6813021560039,145.792529612421
225.325854961823,84.3881696383678,154.622540373946
72.2843763670059,18.3184909827075,49.9334889995671
37.1167743563494,3.6598401450966,6.40708163723775
3.89681990778647,0,0
5.33148444187556,0,0
17.8191240297945,0.244026573178922,1.11123995064319
24.2570894782549,5.88592069868491,18.5989349318203
65.9852183076828,1.49646565783474,16.0155590681198
130.992790204709,58.6653858907673,117.129096531937
40.4333130441487,51.7519358196711,61.917394525818
103.668072843661,51.8726447386909,86.3087844216275
202.846951297437,87.8690000098939,156.141648094535
8.21067299844683,4.33760669953205,4.21927559123765
53.1472881227118,25.0515797374098,30.6266349203795
5.65212196782698,0.637771054713314,0.835698301972508
0.580088099555003,0.432156173491874,0.341484873660871
4.89336750990119,1.69826492403941,3.24589971443635
3.63261258438892,0.345068274489535,1.53070948781774
6.68272562545114,1.21923221631181,3.77649108554618
61.931549653636,37.6969595266383,58.4189378309191
53.8213077702566,45.626334806397,58.5957360992874
246.650252245329,88.8084411122033,184.08900518532
124.094092800743,56.7481884277949,81.2330153252246
119.923883452514,44.1182420275198,83.8024400650986
59.0240441697686,31.7989108751567,63.4031235032491
37.6722901644096,7.44662224590906,22.5020298196867
18.589725636572,0.0452714639211162,2.44082221114143
0.183035468998034,2.13210302537538,1.83578491145049
2.51081418888611,0.246350777755245,0.218747203063613
17.6785441769538,9.71230049576562,9.8845060211697
168.988526090714,27.5448147911862,85.0268433638445
195.012847625418,115.414467216705,227.183048658533
197.779484385266,70.0688777504061,185.737491949139
177.713660650886,63.5595396771747,112.924620795536
115.600934329786,37.4483450468895,69.1648520304857
56.5560448028863,19.9609210797458,49.2584347110342
44.5823292998482,44.4267682175313,48.9197625287874
58.701517374401,6.76886917155182,26.8630215518567
1.31898810012368,2.12450613356193,3.54278532508442
0.00229931353704335,0.827044153126128,0.546146292146797
5.91485103278395,0.158230170281642,0.949832573548014
1.42339748506923,0.0813593620694553,0.132866141827435
92.6005992391835,18.4693418035035,44.5110028711928
156.825162282634,41.4076570423925,86.5943770774212
273.831183290809,147.865152557074,227.199050413243
272.821205576497,155.132296021805,231.189341532853
134.213255102302,33.2878851408073,77.4365818843375
140.466765413786,139.166034379555,162.902613836258
32.0585791806062,42.9930008169285,61.1923746029174
36.0023084612452,0.304943581417617,8.32022172382771
45.1487373112268,1.14402371561284,5.70716950008662
11.901428139111,8.03397875953626,11.854069187023
1.22640297405272,0.0847256749130969,0.438386656636109
11.7674885663558,5.23901594082566,10.855233734092
7.16003752716176,0.518059281116859,1.37869912892702
66.283191024466,53.6205531995217,56.5877505269626
302.139512902266,115.278978726753,187.64479536364
225.619668655674,62.9179963071329,102.911323222885
12.7777677279006,2.84588634390672,3.31400621540044
106.789129578658,33.0853602051345,63.6243796494804
99.1682183123835,43.0078806120747,75.7097054183903
80.5929089281052,23.7286038254483,38.2412681798939
34.6818386596728,7.7518806181649,20.4896837903599
0.284781921526563,2.15084014852563,2.7252784951162
10.9835986300418,1.76088675149798,3.0173427268912
0.87349382074642,0.018159035166542,0.780452549171023
37.3784423431761,6.8381250969759,19.6204633198111
129.527098511668,39.3200118504678,61.9247194227716
45.600065654148,20.1245952957932,39.4987364125558
216.240193684314,87.4431010454479,110.167723676648
130.877477357371,61.5264378913776,96.5723671713559
145.559544835211,99.4922122659005,153.029973899187
95.8187683515745,21.524744899177,53.7633940921598
5.10349702304661,3.71006746067187,9.33601450682971
36.1645933714821,8.25936957489276,21.4329946156335
0.6881048056825,1.14949550404528,0.75610028874401
21.4138043293609,0,0.117264815214765
5.837670022045,0.138134505593169,0.0371044343793332
12.0609400466377,0.0215134912761399,0.151521756871116
125.494650371124,41.2584047607822,69.3621902386776
157.34678199384,54.5021218633613,124.139375045593
99.3992047475732,109.243213864106,134.223810914439
51.3348375232051,52.9942366747416,63.73293699904
33.4519997980829,5.75947096749286,17.8361976849208
112.945218136,40.4269938987489,83.792873514573
13.4021901575817,32.0919047536561,32.7867430099253
6.04365217748748,0.503290269511627,1.21076916866938
3.96599015642588,1.27270890802398,1.4386514689761
0.126152860456454,0.377404331921313,0.25590634125017
20.5265432703431,1.40848978615124,3.95145295976261
20.011523564893,0.00459852823836254,2.86580065815504
118.254262654023,42.2624526082348,64.3403518034915
464.777637942596,224.043914876799,443.733494944756
306.258921965854,103.033981996974,196.684698366496
170.980716595333,25.4129493285278,53.8120219838901
14.4028164730044,1.61886181358408,6.55510444012113
51.1031544582795,63.3399620453842,80.4748827692784
72.9642364157146,34.2753454554987,61.7214948545093
13.3863697944015,0.0496475881522252,0.991503935011667
6.42932174125176,6.55294276737829,6.23568088946065
0.891905720135862,0,0.0885300457637647
15.526145992249,1.55838185134018,11.8399494496582
100.637129496,28.0603516039455,55.0258164444357
5.70748627346762,0.76239656588383,1.38318234704199
25.8305160109323,15.2561892564191,30.4681898101059
123.039774767267,75.3553192087206,99.6752680965444
183.218714531172,48.2554251724642,104.381406595931
123.205170272635,41.3106778297674,92.960707493358
71.1466343061329,45.4973974169422,53.3564044819597
123.260858390206,63.5137817537989,102.462978464214
3.88494736941862,6.00192559165778,3.91498715389046
0.723897939019712,0.159159852685405,0.910384999385406
0.00715606410878985,0.00205968927747386,0
69.5556276942827,4.48936099818957,8.87178906484572
109.209836783071,26.564814804035,40.785841665177
62.8157114597835,28.270875303256,35.0308450136845
147.024943001265,76.0804179114391,112.258627514102
183.741823295925,78.6475171083714,130.343968082749
332.103139186833,118.350671632506,195.016673619649
199.467893908608,156.147587103232,216.80474732103
130.903616435304,96.0953377297153,152.561879756784
36.6182348129133,23.1738883780341,28.989785346558
57.7089474144803,3.52915208652263,15.5561044299609
21.4752091539622,2.86180989015742,6.53872730931649
6.94365308405829,3.77595830095867,3.60356900858318
13.2829491993716,27.4525016174878,19.5120252825226
14.3264219668692,1.26875429248804,1.6879622845908
32.6022876556556,14.0116917482674,17.7624297556522
55.7490869788338,5.52583196841053,21.990929562671
225.497341486409,43.456661490064,132.248557835756
188.288996495262,101.367330335148,163.083045889913
41.9265014010109,5.26489002105332,19.8793916478278
24.2802537694403,17.1054873308882,34.4587662648248
24.2302835234137,6.12795993137152,10.7695507699686
3.03771006689581,0.000163532294163927,0.00327268955294873
0.4255492007817,0.31624529815282,0.47765437078569
5.54381556012031,0.588484873118358,0.957365104177292
66.5933171893148,30.6810609112344,84.2530866489339
3.47861212754014,0.211263696432202,0.15366473300258
0.147005263263614,0.0056533114883256,0
53.6092565239703,21.0619006723239,29.1638748666285
172.481435722945,58.6870756796512,106.693864876138
203.070020346565,101.934226135104,153.125891450328
142.184991538443,36.2215813927639,78.1709834745797
54.9359668265491,39.4985090027261,59.1255325267189
56.3874840101334,1.98506623100801,8.43370161527252
0.522295881155639,0,0.00602983844669523
3.22260251721989,3.0808573172704,3.90318566348052
0.234551488158418,0.0028086672624602,0.0155975963472448
3.52063913315197,2.13916680370409,4.06181433153429
19.6674748365757,7.44252821613306,9.77677247083694
173.078173684528,88.3914031031087,115.882190220592
104.319349894316,20.6239885495833,43.324790295357
80.8136201641107,31.4832301654488,51.4136676456342
116.543436538382,13.8093863459683,44.2437310424327
131.369178026492,50.1561855989115,84.8641168584085
43.5520254257342,15.2172473411861,35.6562208987053
46.9814004257935,14.5872547143389,30.9843120472193
16.3505253895217,2.6553495456813,5.04399585781351
1.24937231101032,0.923333605418712,3.82640405999357
11.9844791759647,13.3849370456173,10.029479484947
11.0069251747371,3.81196524526264,14.4133965877897
27.1881391219966,2.36921340919941,11.4692768376914
110.420746382205,53.4705151560262,70.0992913418077
116.28273111339,37.6863340407439,60.8669934223363
65.0342773118659,56.3261782477746,58.7049378605735
281.462569257269,217.709608952919,298.283711445663
116.705120173526,52.4750109921687,93.4858495204023
23.7969514878228,3.31322649570459,16.5671123221993
33.0192485249296,12.1381480018946,13.5808160053306
5.43707940260402,1.41070155505443,2.77406796435778
1.4621645329669,0.824663940153322,3.64336800110541
10.280508462924,0.00537939500181691,1.1108383738805
9.73251556238342,3.25793786180333,5.07830543514717
290.199979311596,14.3416230642311,82.6815561165865
59.3344606691967,1.38547138281903,15.8147658501322
112.716092193045,10.4276308285831,55.6735955505909
94.917343949726,68.4500666626708,107.452912981956
137.208399800141,115.663540394113,160.659341896712
141.785352500462,70.4737718313908,117.228383274134
202.009345928864,92.8098106438862,159.637003396292
55.0900803587802,19.4906402140512,42.2846659934229
19.5511906044955,10.7836308230932,15.0486489756288
0.405819678728552,0,0.0186431825972366
1.82508741328554,6.16695380847948,1.73730252427739
12.9179608696235,19.4669194404746,13.3353294709128
69.133862513863,35.6415903749567,49.2673203689253
192.839459026869,78.2176708695543,146.844189113075
25.3419382101884,9.62771218527995,12.8290630149421
155.956236530714,39.714554367159,94.5396684622103
9.3394704772863,4.54152126558349,4.08238914529742
62.4555157868758,54.1123324181345,70.2098669339847
20.3018555992562,32.4674374457762,32.5238338139262
46.8696354829595,25.321016351451,43.6015180442799
43.0887480316773,4.54978210024173,18.3843858369711
2.34970160240158,0.471350368330878,1.14394861212384
1.02723729906586,1.61218193230303,1.85624326568321
8.60246247129123,6.8418548702019,5.80849399351871
37.2712368285629,28.7353589751149,46.6182727149745
168.036967423306,72.4620094209641,125.396224068943
385.423219629283,117.572969694656,297.245043813466
195.293673966187,66.9731454987655,122.321970240288
29.7633201477457,15.7692604387577,30.3893559916208
45.5904080192885,34.4661050486155,56.4757484130923
147.854071389292,90.3851909309942,114.905432145427
9.53066567619855,2.59172812952125,6.08532490355757
20.2404915532044,1.42127841166567,5.2839187836504
3.36776841832418,5.01989615733281,4.81707583415341
45.3184592631098,11.0916982748151,26.9199987667278
3.63930755414194,5.9555036822187,4.84764940217331
4.93785514613865,2.74248160337635,9.33704724501357
210.188574220496,116.845956676043,202.676240926554
101.662536832342,77.7781872152795,106.136280561748
133.770554345669,30.0480199981106,49.2685943007519
87.2877606640691,35.5062289678553,52.8496970691673
52.2123577479037,7.96716107446141,15.8053348712338
39.6014180841926,9.14128168034138,28.8146282961882
9.43461029465434,5.93016557760329,10.2808139199199
5.60610023124239,3.21197629241647,2.13783547091058
2.32734828071884,1.50070604851052,2.40029672522245
3.01175560487735,1.69212837309008,1.34611023756163
6.81986751049004,2.38910384460669,4.8917517595804
0.915055835861697,0.00894685210263165,0.0203468712811234
239.358306636854,60.1864505656313,129.185653156924
164.054847177815,199.7931205507,176.657994187723
279.051960003676,76.6080413258475,179.3318379035
22.8368606297947,14.8259190366082,20.6854786425273
171.922273441201,75.7825089634586,162.0476033985
166.968563523282,152.246933758503,218.430972192972
27.2791649798022,13.9549083992144,23.3480517959482
49.5645524280295,6.16123098920241,18.3187463771732
2.23439588231307,3.30212019463066,3.31701740669101
2.74141830143546,2.18046116277987,5.61639866479838
5.38693844519342,18.8550290424116,14.6018039728651
34.3034821762906,0.533736303995391,13.6483390111125
71.4811117078401,56.8365266352331,55.2853824949047
110.80633043119,54.9658229855953,81.1384483508139
199.529121047572,35.0730797275596,88.5853601088921
137.700872376309,35.6886937729375,79.089029450462
86.491495858068,45.7968319614257,70.7856734442207
10.2819965693861,20.0340686879583,19.161956889077
33.6646395924981,9.05247995595615,19.4373323555866
13.7957091511663,1.74058421937441,4.07294239567034
0.428349427749281,2.59864186968795,1.98611645316809
46.8057109844766,0.876343007239445,11.2544985464783
2.35642265471101,6.58217483529104e-05,0.274550767161886
62.6551710826633,38.5653303412268,42.0232075786274
116.409357942978,43.0521447596156,106.18921343143
224.775884071368,84.2804366054831,155.769183587692
364.641234038678,286.473259561684,373.254376733545
231.939886449294,194.820453060521,228.404366437499
53.9436924318973,47.6114820083047,66.6514484270746
71.0879882720842,49.7695179835559,77.8588275581388
6.01965835196191,5.05679844150637,3.38315706800813
27.4597318068077,17.0120641685852,13.6234997968431
1.87904073198854,7.54723138965925,2.62934977059077
0.000247597254869194,0.148298036890791,0.108094903420162
1.63608032087739,3.39063368944242,8.11234480235412
60.7483912967708,13.2756291844432,59.7112631262263
49.3501521419333,23.0942976277867,45.7298735722535
287.914326283261,37.7755171371501,116.552156249962
421.015697072463,119.240779509041,249.736086820499
69.5422105435648,36.4387648941938,53.6950268984533
82.4297997503041,63.892930909248,76.5192995778861
23.9645297511874,17.5927289463001,35.3871342839416
11.0237540091866,1.00413695680831,0.0391694987555553
35.7369462200924,5.44204292651991,24.904594261978
0.0861009151595687,1.74045993238187,0.855317447215363
0.0882356982160034,0.240011038198465,0.0853244924066871
1.36379954126657,0,0.129777040995443
55.1494768963253,1.27998282727085,17.833075003954
268.00790882067,105.168184736568,183.945384879652
239.972893274512,94.146020373066,178.80012621763
105.523928841082,30.9071839508811,54.2940932575025
13.4619794039034,16.6103168503242,20.4812917426766
159.899971806157,24.7962828960851,76.2637720961715
41.3770990839812,27.0732248531242,29.7211951897246
56.5394618145661,48.1018483137753,46.513119765154
34.8978746052407,0.322565001816474,6.21853377300391
3.47587871636761,2.56025633430916,2.63135142651941
2.80760618013895,1.96702125555975,2.84284169317668
22.8863755163694,4.06457644911132,8.88098506798759
19.2496558401844,6.39396934338383,12.1953352770239
86.1219235743211,29.6469819967803,79.0411550402888
163.492337081525,113.949441177574,180.654504027448
81.6591626938202,13.0715171809519,37.079089920006
98.304168437111,16.1163099098978,41.5702444824301
52.6335389159865,0.650759610143176,8.65863738994699
75.7702546735105,17.6877759549575,57.0441976670551
26.3686427827728,4.34839164994213,4.30143887512456
15.2438599664053,11.7930911570561,10.9378313432786
0.181598169620424,0.0682473425277092,0.0991019481280008
2.95080343365136,3.16735036709242,2.68903896033878
40.5864485126338,10.8338086549217,22.2062084581421
81.227421481222,20.051567455344,30.046294645111
162.386900075568,95.3269419260719,138.525745962548
121.160876517656,56.2104198903406,88.7107206384917
271.226965543716,128.268462446997,183.400912895471
195.465822414075,109.560747423429,180.762293152033
97.9371114377299,106.964692061979,116.006386625288
17.1759116795724,11.1531692474188,16.6828748655536
18.2329654669939,8.19973056925193,10.7385880775687
3.37036453377281,1.6655564174266,3.75675756340206
3.21182494475171,0.20070237155093,0.600828843492605
3.26320389103615,1.81456009438371,4.69406713761774
31.1919167082488,0.00050327064506009,3.08481475553846
89.2970641199457,24.6027130162433,66.1606295293562
321.77839952028,64.4788319707794,153.779963089824
194.741994440528,63.2937583307311,150.242051102045
206.78153979129,112.653745654364,110.930157396243
77.8476449955519,11.3831320506846,31.3625772772021
252.39572719251,90.394467270384,153.975234196485
74.2402235546156,44.08382380267,82.1678876631792
6.32548261200069,4.92249059615199,3.62156650894542
8.67020388713524,0.21358667132695,3.65674678939794
44.8058569556788,5.37070278399764,32.4432938310151
5.08047253520276,3.79242232745263,2.24490882808207
0,0.0325425182130224,0.000319104848454262
41.9453144304812,42.8884170217194,49.9144615895808
49.0001114415359,18.5946124312533,39.163381262533
110.427326761067,54.3740710531554,84.3664090092924
58.104452441492,22.5641913249215,52.2393643076964
265.405153378415,86.0455816530928,179.853241268748
226.292437643754,95.3983472046653,170.669913839316
79.157339139934,49.7400143171858,85.9046850868443
9.67426132367054,5.29483319847877,8.3986692917937
12.1521217428632,2.41667007256009,4.36424078092602
9.91266155382616,0.8900695001985,0.938563613902945
23.4171194639649,2.72877923240964,19.7976005098111
4.0179050332994,7.44866640381642,5.53732863488269
117.350082417975,41.596793518238,95.5367160955999
46.2131881216298,19.8353213540302,28.1615826604248
44.8982148669132,9.15535853917688,13.9253319603647
16.6416489666878,1.60919133416315,9.45606754289199
92.0692182939176,75.7033887942697,74.6112540055744
49.2827590167659,35.9443937257383,48.0511902456604
58.7402942425053,37.6590233219518,41.0053323416902
2.05690480344401,5.15890146739615,7.16389681307714
7.71664736668384,2.47026287928806,1.98921301238451
5.64477939748829,6.69105397790009,6.04910650062147
58.1250093865995,7.38250408960928,32.0926916772184
25.3989093903631,68.4694309437363,37.7992333286885
8.0013558351032,17.4766287788054,17.3457957019516
28.8895462084144,14.4994190485016,27.7292498977067
11.7707107389588,10.4785535596423,12.7741006996639
60.1805606065135,40.3576770253778,47.715378362511
49.5093272306281,16.5155425022237,36.5531699059665
56.883590423488,27.7084717887011,37.8361043969576
12.2659672794154,1.70615249177837,4.28357563057956
77.9192885435964,47.4652518383909,60.5987476565459
12.0965064103778,10.8874668838446,14.074759214647
3.04579290750501,0.823288632220781,0.762946537539222
6.95791922157736,14.4709664718928,0.739389558486616
67.8350419365949,0.697509812871392,7.95698218220722
15.5435713936283,3.86702739498371,5.55043224637094
93.8738438835406,19.288780037964,64.1331363392232
206.40980268605,143.871415023617,184.059097286877
343.345061204854,127.348271008115,225.441955243904
156.219709372793,172.499002034023,167.88006793677
176.013872510618,145.527625554132,172.465642841338
159.048673678645,91.7358609438917,157.932364369348
20.3478475760808,5.07360711205429,3.15406009000064
10.9958135014252,1.31504865057548,3.23314587269927
4.49575354160794,2.00751921701108,1.81508288573374
6.66962448574421,1.02153556952888,1.4054956524697
52.3603208160066,51.5246545927308,55.6266456756461
0.0188963385644365,0.334875715993817,0.320176544455561
63.2677963106256,33.4707269185114,68.7916867101632
36.2118295383603,44.1064529555407,53.5370579744047
169.494234196381,92.3021904967987,171.945069158517
204.034031354699,99.6006402712032,161.733184800225
113.714736811465,92.1092644416204,118.548822699372
66.0047652543546,6.0257583780085,28.9308649284593
42.6171457693494,8.65249018481395,22.1997725196252
2.38352906562732,0.115519215148892,0.110559883726855
4.60083913654608,2.11857890325864,6.17838789957027
18.1686702499646,1.9529746519978,0.992961046619638
7.75753272186706,4.15933115096045,0.373445503015173
121.097380038421,24.0887330274356,58.026436810863
112.896945102155,30.26290880776,67.9449141850572
148.112148325503,34.0964668576871,92.7150708730913
219.373183332046,185.804483298288,257.312181658533
257.205135629161,137.798486570014,216.792234067447
74.8300771471019,67.6541635001768,75.3393535100223
58.6370295024846,31.1057710813287,41.7927873639511
39.0901514667668,19.5219358125868,31.154452953307
25.1009128236802,1.9389852811174,2.62612722975169
9.91777298764229,2.84655887330882,10.330171570585
1.18385080134028,0.0251103841784568,0.55721384233203
11.306541643504,1.01491823371321,3.78744549833481
29.4852114496432,6.18436548914328,10.7254073695255
25.2224601901556,3.46901226384718,13.2471674290339
125.989592978174,26.008659455051,52.5881314009623
